-- --------------------------------------------------------
-- 主机:                           127.0.0.1
-- 服务器版本:                        5.5.28 - MySQL Community Server (GPL)
-- 服务器操作系统:                      Win64
-- HeidiSQL 版本:                  9.3.0.4984
-- --------------------------------------------------------

/*!40101 SET @OLD_CHARACTER_SET_CLIENT=@@CHARACTER_SET_CLIENT */;
/*!40101 SET NAMES utf8mb4 */;
/*!40014 SET @OLD_FOREIGN_KEY_CHECKS=@@FOREIGN_KEY_CHECKS, FOREIGN_KEY_CHECKS=0 */;
/*!40101 SET @OLD_SQL_MODE=@@SQL_MODE, SQL_MODE='NO_AUTO_VALUE_ON_ZERO' */;

-- 导出 ssmtest 的数据库结构
CREATE DATABASE IF NOT EXISTS `ssmtest` /*!40100 DEFAULT CHARACTER SET utf8 */;
USE `ssmtest`;


-- 导出  表 ssmtest.askers 结构
CREATE TABLE IF NOT EXISTS `askers` (
  `AskerId` int(11) NOT NULL AUTO_INCREMENT COMMENT '咨询师Id',
  `AskerName` varchar(100) DEFAULT NULL COMMENT '咨询师名称',
  `CheckState` varchar(50) DEFAULT '未签到' COMMENT '签到状态',
  `CheckInTime` timestamp NULL DEFAULT NULL COMMENT '签到时间',
  `ChangeState` varchar(50) DEFAULT '否' COMMENT '是否分配学生：是，否',
  `Weight` int(11) DEFAULT '0' COMMENT '权重',
  `RoleName` varchar(100) DEFAULT '咨询师' COMMENT '角色名称',
  `BakContent` varchar(2000) DEFAULT NULL COMMENT '备注信息',
  PRIMARY KEY (`AskerId`)
) ENGINE=InnoDB AUTO_INCREMENT=5 DEFAULT CHARSET=utf8;

-- 正在导出表  ssmtest.askers 的数据：~4 rows (大约)
/*!40000 ALTER TABLE `askers` DISABLE KEYS */;
REPLACE INTO `askers` (`AskerId`, `AskerName`, `CheckState`, `CheckInTime`, `ChangeState`, `Weight`, `RoleName`, `BakContent`) VALUES
	(1, '咨询师3', '已签到', '2017-04-05 11:11:47', '否', 3, '咨询师', '123131'),
	(2, '咨询师4', '已签到', '2017-04-05 11:12:42', '否', 2, '咨询师', NULL),
	(3, '咨询师1', '已签退', '2017-05-05 08:49:44', '是', 1, '咨询师', NULL),
	(4, '咨询师2', '已签到', '2017-04-05 11:10:48', '否', 6, '咨询师', '咨询师2效率高');
/*!40000 ALTER TABLE `askers` ENABLE KEYS */;


-- 导出  表 ssmtest.dynamicmessages 结构
CREATE TABLE IF NOT EXISTS `dynamicmessages` (
  `Id` int(11) NOT NULL AUTO_INCREMENT COMMENT '消息Id',
  `StudentId` int(11) DEFAULT NULL COMMENT '学生Id',
  `StudentName` varchar(100) DEFAULT NULL COMMENT '学生名称',
  `MessageContent` varchar(2000) DEFAULT NULL COMMENT '消息内容',
  `IsOpen` varchar(50) DEFAULT '否' COMMENT '是否打开',
  `CreateTime` timestamp NULL DEFAULT CURRENT_TIMESTAMP COMMENT '消息创建时间',
  PRIMARY KEY (`Id`)
) ENGINE=InnoDB AUTO_INCREMENT=11 DEFAULT CHARSET=utf8;

-- 正在导出表  ssmtest.dynamicmessages 的数据：~10 rows (大约)
/*!40000 ALTER TABLE `dynamicmessages` DISABLE KEYS */;
REPLACE INTO `dynamicmessages` (`Id`, `StudentId`, `StudentName`, `MessageContent`, `IsOpen`, `CreateTime`) VALUES
	(1, 8, '王二', '王二的信息有变动，更改你电话为13588888888', '是', '2017-03-30 09:04:12'),
	(2, 4, '张三三', '张三三需要修改qq号为789876', '是', '2017-03-30 10:24:59'),
	(3, 4, '张三三', '修改张三三手机号为：1356611', '是', '2017-03-31 11:56:20'),
	(4, 16, '麻六', '麻溜需要跟踪回访', '是', '2017-03-31 12:01:06'),
	(5, 4, '张三三', 'aaaaa', '是', '2017-03-31 17:59:17'),
	(6, 18, '小龙', '小龙需要及时跟踪', '是', '2017-04-01 10:23:25'),
	(7, 19, '小芳', '请立即跟踪回访小芳', '是', '2017-04-05 09:06:31'),
	(8, 19, '小芳', '小芳修改了联系方式：13566668888', '是', '2017-04-05 09:43:53'),
	(9, 4, '张三三', '修改该学生手机号：13566666666', '是', '2017-04-07 10:18:08'),
	(10, 21, '狂人', '修改学生狂人的电话号码', '是', '2017-05-05 08:53:30');
/*!40000 ALTER TABLE `dynamicmessages` ENABLE KEYS */;


-- 导出  表 ssmtest.modules 结构
CREATE TABLE IF NOT EXISTS `modules` (
  `Id` int(11) NOT NULL AUTO_INCREMENT COMMENT '模块编号',
  `Name` varchar(50) NOT NULL COMMENT '模块名称',
  `ParentId` int(11) DEFAULT '0' COMMENT '父模块编号',
  `Path` varchar(200) DEFAULT NULL COMMENT '模块路径',
  `Weight` int(11) DEFAULT NULL COMMENT '权重',
  `Ops` varchar(100) DEFAULT NULL COMMENT '预留字符串字段',
  `Int0` int(11) DEFAULT NULL COMMENT '预留整数字段',
  PRIMARY KEY (`Id`)
) ENGINE=InnoDB AUTO_INCREMENT=218 DEFAULT CHARSET=utf8;

-- 正在导出表  ssmtest.modules 的数据：~7 rows (大约)
/*!40000 ALTER TABLE `modules` DISABLE KEYS */;
REPLACE INTO `modules` (`Id`, `Name`, `ParentId`, `Path`, `Weight`, `Ops`, `Int0`) VALUES
	(187, '系统模块', 0, 'mainPage.html', 99, NULL, NULL),
	(188, '用户管理', 187, 'userModule.html', 99, NULL, NULL),
	(189, '角色管理', 187, 'roleModule.html', 98, NULL, NULL),
	(190, '模块管理', 187, 'systemModule.html', 96, NULL, NULL),
	(215, '网络学生', 0, 'studentsModule.html', 99, NULL, NULL),
	(216, '学生信息', 215, 'studentMessage.html', 98, NULL, NULL),
	(217, '老师管理', 215, 'teacherMessage.html', 97, NULL, NULL);
/*!40000 ALTER TABLE `modules` ENABLE KEYS */;


-- 导出  表 ssmtest.netfollows 结构
CREATE TABLE IF NOT EXISTS `netfollows` (
  `Id` int(11) NOT NULL AUTO_INCREMENT COMMENT '跟踪Id',
  `StudentId` int(11) DEFAULT NULL COMMENT '学生Id',
  `StudentName` varchar(100) DEFAULT NULL COMMENT '学生名称',
  `FollowTime` timestamp NULL DEFAULT NULL COMMENT '跟踪时间',
  `NextFollowTime` timestamp NULL DEFAULT NULL COMMENT '下次跟踪时间',
  `Content` varchar(2000) DEFAULT NULL COMMENT '备注',
  `UserId` varchar(100) DEFAULT NULL COMMENT '用户Id',
  `FollowType` varchar(100) DEFAULT NULL COMMENT '跟踪类型',
  `CreateTime` timestamp NULL DEFAULT CURRENT_TIMESTAMP COMMENT '创建时间',
  `FollowState` varchar(100) DEFAULT NULL COMMENT '跟踪状态',
  PRIMARY KEY (`Id`)
) ENGINE=InnoDB DEFAULT CHARSET=utf8;

-- 正在导出表  ssmtest.netfollows 的数据：~0 rows (大约)
/*!40000 ALTER TABLE `netfollows` DISABLE KEYS */;
/*!40000 ALTER TABLE `netfollows` ENABLE KEYS */;


-- 导出  表 ssmtest.permissiontb 结构
CREATE TABLE IF NOT EXISTS `permissiontb` (
  `permissionId` int(10) unsigned NOT NULL AUTO_INCREMENT COMMENT '权限ID',
  `permissionValue` varchar(50) DEFAULT NULL COMMENT '权限资源对象',
  `permissionModule` varchar(50) NOT NULL COMMENT '权限所属模块',
  `permissionName` varchar(50) NOT NULL COMMENT '权限名称',
  `permissionLastUpdateTime` timestamp NOT NULL DEFAULT CURRENT_TIMESTAMP ON UPDATE CURRENT_TIMESTAMP COMMENT '权限最近一次修改时间',
  PRIMARY KEY (`permissionId`)
) ENGINE=InnoDB AUTO_INCREMENT=18 DEFAULT CHARSET=utf8;

-- 正在导出表  ssmtest.permissiontb 的数据：~13 rows (大约)
/*!40000 ALTER TABLE `permissiontb` DISABLE KEYS */;
REPLACE INTO `permissiontb` (`permissionId`, `permissionValue`, `permissionModule`, `permissionName`, `permissionLastUpdateTime`) VALUES
	(5, 'permission:update', '系统模块', '更新权限信息', '2018-06-06 11:42:03'),
	(6, 'user:deleteUser', '用户模块', '通过id删除用户', '2018-06-06 11:41:18'),
	(7, 'user:restPwd', '用户模块', '重置密码', '2018-06-06 11:41:18'),
	(8, 'user:updateUser', '用户模块', '通过id修改用户信息', '2018-06-06 11:41:18'),
	(9, 'user:updateLockStatue', '用户模块', '更新锁定状态', '2018-06-06 11:41:18'),
	(10, 'user:allUser', '用户模块', '查询所有用户', '2018-06-06 11:41:18'),
	(11, 'modules:meun', '模块系统', '菜单模块', '2018-06-06 15:09:45'),
	(12, 'role:forname', '角色管理模块', '根据角色名查询某一角色权限', '2018-06-06 15:27:28'),
	(13, 'role:set', '角色管理模块', '修改角色信息的权限', '2018-06-06 15:27:28'),
	(14, 'role:add', '角色管理模块', '添加角色权限', '2018-06-06 15:27:28'),
	(15, 'role:delete', '角色管理模块', '删除角色权限', '2018-06-06 15:27:28'),
	(16, 'role:setmodule', '角色管理模块', '给角色分配模块的权限', '2018-06-06 15:27:28'),
	(17, 'role:formodule', '角色管理模块', '根据模块查询角色拥有此模块的权限', '2018-06-06 15:27:28');
/*!40000 ALTER TABLE `permissiontb` ENABLE KEYS */;


-- 导出  表 ssmtest.rolemodules 结构
CREATE TABLE IF NOT EXISTS `rolemodules` (
  `Id` int(11) NOT NULL AUTO_INCREMENT,
  `RoleId` int(11) NOT NULL,
  `ModuleId` int(11) NOT NULL,
  PRIMARY KEY (`Id`),
  KEY `FK_RoleModules_Modules_ModuleId` (`ModuleId`),
  KEY `FK_RoleModules_Roles_RoleId` (`RoleId`),
  CONSTRAINT `FK_RoleModules_Modules_ModuleId` FOREIGN KEY (`ModuleId`) REFERENCES `modules` (`Id`),
  CONSTRAINT `FK_RoleModules_Roles_RoleId` FOREIGN KEY (`RoleId`) REFERENCES `roles` (`Id`)
) ENGINE=InnoDB AUTO_INCREMENT=55 DEFAULT CHARSET=utf8;

-- 正在导出表  ssmtest.rolemodules 的数据：~9 rows (大约)
/*!40000 ALTER TABLE `rolemodules` DISABLE KEYS */;
REPLACE INTO `rolemodules` (`Id`, `RoleId`, `ModuleId`) VALUES
	(5, 17, 190),
	(6, 17, 188),
	(8, 17, 187),
	(9, 17, 189),
	(39, 8, 190),
	(40, 8, 187),
	(50, 17, 216),
	(53, 17, 215),
	(54, 17, 217);
/*!40000 ALTER TABLE `rolemodules` ENABLE KEYS */;


-- 导出  表 ssmtest.rolepermissiontb 结构
CREATE TABLE IF NOT EXISTS `rolepermissiontb` (
  `rolePermissionId` int(10) unsigned NOT NULL AUTO_INCREMENT COMMENT '角色权限关系ID',
  `roleId` int(10) unsigned NOT NULL COMMENT '所属角色Id',
  `permissionId` int(10) unsigned NOT NULL COMMENT '所属权限Id',
  `rolePermissionLastUpdateTime` timestamp NOT NULL DEFAULT CURRENT_TIMESTAMP ON UPDATE CURRENT_TIMESTAMP COMMENT '角色权限关系记录最近一次修改时间',
  PRIMARY KEY (`rolePermissionId`),
  KEY `FK_rolepermissiontb_roleId` (`roleId`),
  KEY `FK_rolepermissiontb_permissionId` (`permissionId`),
  CONSTRAINT `FK_rolepermissiontb_permissionId` FOREIGN KEY (`permissionId`) REFERENCES `permissiontb` (`permissionId`) ON DELETE CASCADE ON UPDATE CASCADE
) ENGINE=InnoDB AUTO_INCREMENT=67 DEFAULT CHARSET=utf8;

-- 正在导出表  ssmtest.rolepermissiontb 的数据：~22 rows (大约)
/*!40000 ALTER TABLE `rolepermissiontb` DISABLE KEYS */;
REPLACE INTO `rolepermissiontb` (`rolePermissionId`, `roleId`, `permissionId`, `rolePermissionLastUpdateTime`) VALUES
	(8, 17, 5, '2018-06-06 14:11:00'),
	(14, 17, 11, '2018-06-06 15:10:17'),
	(15, 17, 12, '2018-06-06 15:10:17'),
	(16, 17, 13, '2018-06-06 15:10:17'),
	(17, 17, 14, '2018-06-06 15:10:17'),
	(18, 17, 15, '2018-06-06 15:34:35'),
	(19, 17, 16, '2018-06-06 15:34:41'),
	(20, 17, 17, '2018-06-06 15:34:41'),
	(23, 17, 9, '2018-06-08 08:59:38'),
	(37, 9, 11, '2018-06-08 09:01:58'),
	(38, 9, 10, '2018-06-08 09:02:12'),
	(40, 17, 10, '2018-06-08 09:53:47'),
	(41, 17, 7, '2018-06-08 10:03:31'),
	(42, 17, 6, '2018-06-08 10:03:31'),
	(43, 17, 8, '2018-06-08 11:27:04'),
	(49, 12, 9, '2018-06-09 14:48:44'),
	(51, 12, 5, '2018-06-09 14:48:55'),
	(53, 12, 12, '2018-06-09 14:49:20'),
	(56, 4, 6, '2018-06-21 15:25:51'),
	(60, 4, 16, '2018-06-21 15:25:53'),
	(61, 4, 8, '2018-06-21 15:25:54'),
	(66, 4, 13, '2018-06-21 15:26:02');
/*!40000 ALTER TABLE `rolepermissiontb` ENABLE KEYS */;


-- 导出  表 ssmtest.roles 结构
CREATE TABLE IF NOT EXISTS `roles` (
  `Id` int(11) NOT NULL AUTO_INCREMENT COMMENT '用户组编号',
  `Name` varchar(50) NOT NULL COMMENT '角色(用户组)名称',
  `Int0` int(11) DEFAULT NULL COMMENT '预留Int',
  `String0` varchar(50) DEFAULT NULL COMMENT '预留字符串',
  PRIMARY KEY (`Id`),
  UNIQUE KEY `IndexUnique_Name` (`Name`)
) ENGINE=InnoDB AUTO_INCREMENT=28 DEFAULT CHARSET=utf8;

-- 正在导出表  ssmtest.roles 的数据：~17 rows (大约)
/*!40000 ALTER TABLE `roles` DISABLE KEYS */;
REPLACE INTO `roles` (`Id`, `Name`, `Int0`, `String0`) VALUES
	(2, '管理员2', NULL, NULL),
	(3, '辅导员', NULL, NULL),
	(4, '研发专员', NULL, NULL),
	(5, '教务', NULL, NULL),
	(6, '教质部经理', NULL, NULL),
	(7, '单词采集员', NULL, NULL),
	(8, '网络推广专员', NULL, NULL),
	(9, '网络咨询', NULL, NULL),
	(11, '学术经理', NULL, NULL),
	(12, '学生', NULL, NULL),
	(13, '咨询经理', NULL, NULL),
	(14, '项目主任', NULL, NULL),
	(15, '研发经理', NULL, NULL),
	(16, '助教', NULL, NULL),
	(17, '总经理', NULL, NULL),
	(26, '111', NULL, NULL),
	(27, '刘爱华是个dog', NULL, NULL);
/*!40000 ALTER TABLE `roles` ENABLE KEYS */;


-- 导出  表 ssmtest.students 结构
CREATE TABLE IF NOT EXISTS `students` (
  `Id` int(11) NOT NULL AUTO_INCREMENT COMMENT '学生编号',
  `Name` varchar(50) NOT NULL COMMENT '学员姓名',
  `Age` int(11) DEFAULT NULL COMMENT '年龄',
  `Sex` varchar(50) DEFAULT NULL COMMENT '性别 ',
  `Phone` varchar(50) DEFAULT NULL COMMENT '学员电话',
  `StuStatus` varchar(50) DEFAULT NULL COMMENT '学历',
  `PerState` varchar(50) DEFAULT NULL COMMENT '个人状态',
  `MsgSource` varchar(50) DEFAULT NULL COMMENT '来源渠道',
  `SourceUrl` varchar(100) DEFAULT NULL COMMENT '来源网址',
  `SourceKeyWord` varchar(100) DEFAULT NULL COMMENT '来源关键词',
  `Address` varchar(100) DEFAULT NULL COMMENT '所在区域',
  `NetPusherId` varchar(100) DEFAULT NULL COMMENT '网络咨询Id',
  `AskerId` varchar(100) DEFAULT NULL COMMENT '咨询师Id',
  `QQ` varchar(50) DEFAULT NULL COMMENT '学员QQ',
  `WeiXin` varchar(50) DEFAULT NULL COMMENT '学员微信',
  `Content` varchar(2000) DEFAULT NULL COMMENT '备注',
  `CreateTime` timestamp NULL DEFAULT CURRENT_TIMESTAMP COMMENT '创建时间',
  `LearnForward` varchar(100) DEFAULT NULL COMMENT '课程方向',
  `IsValid` varchar(50) DEFAULT '待定' COMMENT '是否有效',
  `Record` varchar(100) DEFAULT NULL COMMENT '打分',
  `IsReturnVist` varchar(50) DEFAULT '否' COMMENT '是否回访',
  `FirstVisitTime` timestamp NULL DEFAULT NULL COMMENT '首次回访时间',
  `IsHome` varchar(50) DEFAULT '否' COMMENT '是否上门',
  `HomeTime` timestamp NULL DEFAULT NULL COMMENT '上门时间',
  `LostValid` varchar(2000) DEFAULT NULL COMMENT '无效原因',
  `IsPay` varchar(50) DEFAULT '否' COMMENT '是否付款',
  `PayTime` timestamp NULL DEFAULT NULL COMMENT '付款时间',
  `Money` double DEFAULT '0' COMMENT '付款金额',
  `IsReturnMoney` varchar(50) DEFAULT '否' COMMENT '是否退费',
  `IsInClass` varchar(50) DEFAULT '否' COMMENT '是否进班',
  `InClassTime` timestamp NULL DEFAULT NULL COMMENT '进班时间',
  `InClassContent` varchar(2000) DEFAULT NULL COMMENT '进班备注',
  `AskerContent` varchar(2000) DEFAULT NULL COMMENT '咨询师备注',
  `IsDel` varchar(50) DEFAULT '否' COMMENT '是否删除',
  `FromPart` varchar(100) DEFAULT NULL COMMENT '来源部门',
  `StuConcern` varchar(100) DEFAULT NULL COMMENT '学员关注',
  `IsBaoBei` varchar(50) DEFAULT NULL COMMENT '是否报备',
  `ZiXunName` varchar(50) DEFAULT NULL COMMENT '咨询师填写的姓名',
  `CreateUser` varchar(50) DEFAULT NULL COMMENT '录入人姓名',
  `ReturnMoneyReason` varchar(2000) DEFAULT NULL COMMENT '退费原因',
  `PreMoney` double DEFAULT '0' COMMENT '预付定金',
  `PreMoneyTime` timestamp NULL DEFAULT NULL COMMENT '预付定金时间',
  PRIMARY KEY (`Id`)
) ENGINE=InnoDB AUTO_INCREMENT=97 DEFAULT CHARSET=utf8;

-- 正在导出表  ssmtest.students 的数据：~44 rows (大约)
/*!40000 ALTER TABLE `students` DISABLE KEYS */;
REPLACE INTO `students` (`Id`, `Name`, `Age`, `Sex`, `Phone`, `StuStatus`, `PerState`, `MsgSource`, `SourceUrl`, `SourceKeyWord`, `Address`, `NetPusherId`, `AskerId`, `QQ`, `WeiXin`, `Content`, `CreateTime`, `LearnForward`, `IsValid`, `Record`, `IsReturnVist`, `FirstVisitTime`, `IsHome`, `HomeTime`, `LostValid`, `IsPay`, `PayTime`, `Money`, `IsReturnMoney`, `IsInClass`, `InClassTime`, `InClassContent`, `AskerContent`, `IsDel`, `FromPart`, `StuConcern`, `IsBaoBei`, `ZiXunName`, `CreateUser`, `ReturnMoneyReason`, `PreMoney`, `PreMoneyTime`) VALUES
	(1, 'sun', 21, '男', '110', '大学', '良好', '网络', 'www.baidu.com', '网络', '北京', NULL, '4', '603560688', '185222', '学生', '2018-06-14 21:21:57', 'java', '是', '100', '否', '2018-06-14 21:24:02', '否', '2018-06-14 21:24:07', '请假', '否', '2018-06-15 08:46:15', 88888, '否', '否', '2018-06-15 08:46:25', '北游', '昆明撒旦', '否', '网络', '百度', '是', '咨询师3', '张三', '转学', 500, '2018-06-14 21:24:47'),
	(2, 'sun', 21, '男', '110', '大学', '良好', '网络', 'www.baidu.com', '网络', '北京', NULL, '4', '603560688', '185222', '学生', '2018-06-14 21:21:57', 'java', '是', '100', '否', '2018-06-14 21:24:02', '否', '2018-06-14 21:24:07', '请假', '否', '2018-06-15 08:46:17', 88888, '否', '否', '2018-06-15 08:46:29', '北游', '昆明撒旦', '否', '网络', '百度', '是', '咨询师3', '张三', '转学', 500, '2018-06-14 21:24:47'),
	(3, 'sun', 21, '男', '110', '大学', '良好', '网络', 'www.baidu.com', '网络', '北京', NULL, '4', '603560688', '185222', '学生', '2018-06-14 21:21:57', 'java', '是', '100', '否', '2018-06-14 21:24:02', '否', '2018-06-14 21:24:07', '请假', '否', '2018-06-15 08:46:18', 88888, '否', '否', '2018-06-15 08:46:27', '北游', '昆明撒旦', '否', '网络', '百度', '是', '咨询师3', '张三', '转学', 500, '2018-06-14 21:24:47'),
	(4, 'sun', 21, '男', '110', '大学', '良好', '网络', 'www.baidu.com', '网络', '北京', NULL, '1', '603560688', '185222', '学生', '2018-06-14 21:21:57', 'java', '是', '100', '否', '2018-06-14 21:24:02', '否', '2018-06-14 21:24:07', '请假', '否', '2018-06-15 08:46:20', 88888, '否', '否', '2018-06-15 08:46:28', '北游', '昆明撒旦', '否', '网络', '百度', '是', '咨询师3', '张三', '转学', 500, '2018-06-14 21:24:47'),
	(5, 'sun', 21, '男', '110', '大学', '良好', '网络', 'www.baidu.com', '网络', '北京', NULL, '1', '603560688', '185222', '学生', '2018-06-14 21:21:57', 'java', '是', '100', '否', '2018-06-14 21:24:02', '否', '2018-06-14 21:24:07', '请假', '否', '2018-06-15 08:46:21', 88888, '否', '否', '2018-06-15 08:46:30', '北游', '昆明撒旦', '否', '网络', '百度', '是', '咨询师3', '张三', '转学', 500, '2018-06-14 21:24:47'),
	(7, 'sun', 21, '男', '110', '大学', '良好', '网络', 'www.baidu.com', '网络', '北京', NULL, '1', '603560688', '185222', '学生', '2018-06-14 21:21:57', 'java', '是', '100', '否', '2018-06-14 21:24:02', '否', '2018-06-14 21:24:07', '请假', '否', NULL, 88888, '否', '否', '2018-06-15 10:11:35', '北游', '昆明撒旦', '否', '网络', '百度', '是', '咨询师3', '张三', '转学', 500, '2018-06-14 21:24:47'),
	(8, 'sun', 21, '男', '110', '大学', '良好', '网络', 'www.baidu.com', '网络', '北京', NULL, '1', '603560688', '185222', '学生', '2018-06-14 21:21:57', 'java', '是', '100', '否', '2018-06-14 21:24:02', '否', '2018-06-14 21:24:07', '请假', '否', NULL, 88888, '否', '否', '2018-06-15 10:11:36', '北游', '昆明撒旦', '否', '网络', '百度', '是', '咨询师3', '张三', '转学', 500, '2018-06-14 21:24:47'),
	(51, 'sun', 21, '男', '110', '大学', '良好', '网络', 'www.baidu.com', '网络', '北京', NULL, '4', '603560688', '185222', '学生', '2018-06-14 21:21:57', 'java', '是', '100', '否', '2018-06-14 21:24:02', '否', '2018-06-14 21:24:07', '请假', '否', '2018-06-15 08:46:15', 88888, '否', '否', '2018-06-15 08:46:25', '北游', '昆明撒旦', '否', '网络', '百度', '是', '咨询师3', '张三', '转学', 500, '2018-06-14 21:24:47'),
	(52, 'qqq', 21, '男', '110', '大学', '良好', '网络', 'www.baidu.com', '网络', '北京', NULL, '4', '603560688', '185222', '学生', '2018-06-14 21:21:57', 'java', '是', '100', '否', '2018-06-14 21:24:02', '否', '2018-06-14 21:24:07', '请假', '否', '2018-06-15 08:46:15', 88888, '否', '否', '2018-06-15 08:46:25', '北游', '昆明撒旦', '否', '网络', '百度', '是', '咨询师3', '张三', '转学', 500, '2018-06-14 21:24:47'),
	(53, 'www', 21, '男', '110', '大学', '良好', '网络', 'www.baidu.com', '网络', '北京', NULL, '4', '603560688', '185222', '学生', '2018-06-14 21:21:57', 'java', '是', '100', '否', '2018-06-14 21:24:02', '否', '2018-06-14 21:24:07', '请假', '否', '2018-06-15 08:46:15', 88888, '否', '否', '2018-06-15 08:46:25', '北游', '昆明撒旦', '否', '网络', '百度', '是', '咨询师3', '张三', '转学', 500, '2018-06-14 21:24:47'),
	(54, 'eee', 21, '男', '110', '大学', '良好', '网络', 'www.baidu.com', '网络', '北京', NULL, '4', '603560688', '185222', '学生', '2018-06-14 21:21:57', 'java', '是', '100', '否', '2018-06-14 21:24:02', '否', '2018-06-14 21:24:07', '请假', '否', '2018-06-15 08:46:15', 88888, '否', '否', '2018-06-15 08:46:25', '北游', '昆明撒旦', '否', '网络', '百度', '是', '咨询师3', '张三', '转学', 500, '2018-06-14 21:24:47'),
	(55, 'rrr', 21, '男', '110', '大学', '良好', '网络', 'www.baidu.com', '网络', '北京', NULL, '4', '603560688', '185222', '学生', '2018-06-14 21:21:57', 'java', '是', '100', '否', '2018-06-14 21:24:02', '否', '2018-06-14 21:24:07', '请假', '否', '2018-06-15 08:46:15', 88888, '否', '否', '2018-06-15 08:46:25', '北游', '昆明撒旦', '否', '网络', '百度', '是', '咨询师3', '张三', '转学', 500, '2018-06-14 21:24:47'),
	(56, 'ttt', 21, '男', '110', '大学', '良好', '网络', 'www.baidu.com', '网络', '北京', NULL, '4', '603560688', '185222', '学生', '2018-06-14 21:21:57', 'java', '是', '100', '否', '2018-06-14 21:24:02', '否', '2018-06-14 21:24:07', '请假', '否', '2018-06-15 08:46:15', 88888, '否', '否', '2018-06-15 08:46:25', '北游', '昆明撒旦', '否', '网络', '百度', '是', '咨询师3', '张三', '转学', 500, '2018-06-14 21:24:47'),
	(57, 'yyyy', 21, '男', '110', '大学', '良好', '网络', 'www.baidu.com', '网络', '北京', NULL, '4', '603560688', '185222', '学生', '2018-06-14 21:21:57', 'java', '是', '100', '否', '2018-06-14 21:24:02', '否', '2018-06-14 21:24:07', '请假', '否', '2018-06-15 08:46:15', 88888, '否', '否', '2018-06-15 08:46:25', '北游', '昆明撒旦', '否', '网络', '百度', '是', '咨询师3', '张三', '转学', 500, '2018-06-14 21:24:47'),
	(58, 'uuu', 21, '男', '110', '大学', '良好', '网络', 'www.baidu.com', '网络', '北京', NULL, '4', '603560688', '185222', '学生', '2018-06-14 21:21:57', 'java', '是', '100', '否', '2018-06-14 21:24:02', '否', '2018-06-14 21:24:07', '请假', '否', '2018-06-15 08:46:15', 88888, '否', '否', '2018-06-15 08:46:25', '北游', '昆明撒旦', '否', '网络', '百度', '是', '咨询师3', '张三', '转学', 500, '2018-06-14 21:24:47'),
	(59, 'iii', 21, '男', '110', '大学', '良好', '网络', 'www.baidu.com', '网络', '北京', NULL, '4', '603560688', '185222', '学生', '2018-06-14 21:21:57', 'java', '是', '100', '否', '2018-06-14 21:24:02', '否', '2018-06-14 21:24:07', '请假', '否', '2018-06-15 08:46:15', 88888, '否', '否', '2018-06-15 08:46:25', '北游', '昆明撒旦', '否', '网络', '百度', '是', '咨询师3', '张三', '转学', 500, '2018-06-14 21:24:47'),
	(60, 'aaa', 21, '男', '110', '大学', '良好', '网络', 'www.baidu.com', '网络', '北京', NULL, '4', '603560688', '185222', '学生', '2018-06-14 21:21:57', 'java', '是', '100', '否', '2018-06-14 21:24:02', '否', '2018-06-14 21:24:07', '请假', '否', '2018-06-15 08:46:15', 88888, '否', '否', '2018-06-15 08:46:25', '北游', '昆明撒旦', '否', '网络', '百度', '是', '咨询师3', '张三', '转学', 500, '2018-06-14 21:24:47'),
	(61, 'sss', 21, '男', '110', '大学', '良好', '网络', 'www.baidu.com', '网络', '北京', NULL, '4', '603560688', '185222', '学生', '2018-06-14 21:21:57', 'java', '是', '100', '否', '2018-06-14 21:24:02', '否', '2018-06-14 21:24:07', '请假', '否', '2018-06-15 08:46:15', 88888, '否', '否', '2018-06-15 08:46:25', '北游', '昆明撒旦', '否', '网络', '百度', '是', '咨询师3', '张三', '转学', 500, '2018-06-14 21:24:47'),
	(62, 'ddd', 21, '男', '110', '大学', '良好', '网络', 'www.baidu.com', '网络', '北京', NULL, '4', '603560688', '185222', '学生', '2018-06-14 21:21:57', 'java', '是', '100', '否', '2018-06-14 21:24:02', '否', '2018-06-14 21:24:07', '请假', '否', '2018-06-15 08:46:15', 88888, '否', '否', '2018-06-15 08:46:25', '北游', '昆明撒旦', '否', '网络', '百度', '是', '咨询师3', '张三', '转学', 500, '2018-06-14 21:24:47'),
	(63, 'fff', 21, '男', '110', '大学', '良好', '网络', 'www.baidu.com', '网络', '北京', NULL, '4', '603560688', '185222', '学生', '2018-06-14 21:21:57', 'java', '是', '100', '否', '2018-06-14 21:24:02', '否', '2018-06-14 21:24:07', '请假', '否', '2018-06-15 08:46:15', 88888, '否', '否', '2018-06-15 08:46:25', '北游', '昆明撒旦', '否', '网络', '百度', '是', '咨询师3', '张三', '转学', 500, '2018-06-14 21:24:47'),
	(64, 'ggg', 21, '男', '110', '大学', '良好', '网络', 'www.baidu.com', '网络', '北京', NULL, '4', '603560688', '185222', '学生', '2018-06-14 21:21:57', 'java', '是', '100', '否', '2018-06-14 21:24:02', '否', '2018-06-14 21:24:07', '请假', '否', '2018-06-15 08:46:15', 88888, '否', '否', '2018-06-15 08:46:25', '北游', '昆明撒旦', '否', '网络', '百度', '是', '咨询师3', '张三', '转学', 500, '2018-06-14 21:24:47'),
	(65, 'hhh', 21, '男', '110', '大学', '良好', '网络', 'www.baidu.com', '网络', '北京', NULL, '4', '603560688', '185222', '学生', '2018-06-14 21:21:57', 'java', '是', '100', '否', '2018-06-14 21:24:02', '否', '2018-06-14 21:24:07', '请假', '否', '2018-06-15 08:46:15', 88888, '否', '否', '2018-06-15 08:46:25', '北游', '昆明撒旦', '否', '网络', '百度', '是', '咨询师3', '张三', '转学', 500, '2018-06-14 21:24:47'),
	(66, 'jjj', 21, '男', '110', '大学', '良好', '网络', 'www.baidu.com', '网络', '北京', NULL, '4', '603560688', '185222', '学生', '2018-06-14 21:21:57', 'java', '是', '100', '否', '2018-06-14 21:24:02', '否', '2018-06-14 21:24:07', '请假', '否', '2018-06-15 08:46:15', 88888, '否', '否', '2018-06-15 08:46:25', '北游', '昆明撒旦', '否', '网络', '百度', '是', '咨询师3', '张三', '转学', 500, '2018-06-14 21:24:47'),
	(67, 'zzz', 21, '男', '110', '大学', '良好', '网络', 'www.baidu.com', '网络', '北京', NULL, '4', '603560688', '185222', '学生', '2018-06-14 21:21:57', 'java', '是', '100', '否', '2018-06-14 21:24:02', '否', '2018-06-14 21:24:07', '请假', '否', '2018-06-15 08:46:15', 88888, '否', '否', '2018-06-15 08:46:25', '北游', '昆明撒旦', '否', '网络', '百度', '是', '咨询师3', '张三', '转学', 500, '2018-06-14 21:24:47'),
	(68, 'xxx', 21, '男', '110', '大学', '良好', '网络', 'www.baidu.com', '网络', '北京', NULL, '4', '603560688', '185222', '学生', '2018-06-14 21:21:57', 'java', '是', '100', '否', '2018-06-14 21:24:02', '否', '2018-06-14 21:24:07', '请假', '否', '2018-06-15 08:46:15', 88888, '否', '否', '2018-06-15 10:11:36', '北游', '昆明撒旦', '否', '网络', '百度', '是', '咨询师3', '张三', '转学', 500, '2018-06-14 21:24:47'),
	(69, 'sun', 21, '男', '110', '大学', '良好', '网络', 'www.baidu.com', '网络', '北京', NULL, '4', '603560688', '185222', '学生', '2018-06-14 21:21:57', 'java', '是', '100', '否', '2018-06-14 21:24:02', '否', '2018-06-14 21:24:07', '请假', '否', '2018-06-15 08:46:15', 88888, '否', '否', '2018-06-15 08:46:25', '北游', '昆明撒旦', '否', '网络', '百度', '是', '咨询师3', '张三', '转学', 500, '2018-06-14 21:24:47'),
	(70, 'zzz', 21, '男', '110', '大学', '良好', '网络', 'www.baidu.com', '网络', '北京', NULL, '4', '603560688', '185222', '学生', '2018-06-14 21:21:57', 'java', '是', '100', '否', '2018-06-14 21:24:02', '否', '2018-06-14 21:24:07', '请假', '否', '2018-06-15 08:46:15', 88888, '否', '否', '2018-06-15 08:46:25', '北游', '昆明撒旦', '否', '网络', '百度', '是', '咨询师3', '张三', '转学', 500, '2018-06-14 21:24:47'),
	(71, 'dalao', 18, '男', '110', '大学', '毕业', '网络', 'www.ok.com', '学校', '背景', '1', '4', '603560688', '25585885', '学生', '2018-06-14 00:00:00', 'java', '是', '200', '否', '2018-06-14 00:00:00', '否', '2018-06-14 00:00:00', '请假', '否', '2018-06-14 00:00:00', 155555, '否', '否', '2018-06-14 00:00:00', '北游', '杨', '否', '电信部', '百度', '是', '咨询师2', '孙', '转学', 500, '2018-06-14 00:00:00'),
	(72, 'dalao', 18, '男', '110', '大学', '毕业', '网络', 'www.ok.com', '学校', '背景', '1', '4', '603560688', '25585885', '学生', '2018-06-14 00:00:00', 'java', '是', '200', '否', '2018-06-14 00:00:00', '否', '2018-06-14 00:00:00', '请假', '否', '2018-06-14 00:00:00', 155555, '否', '否', '2018-06-14 00:00:00', '北游', '杨', '否', '电信部', '百度', '是', '咨询师2', '孙', '转学', 500, '2018-06-14 00:00:00'),
	(73, 'dalao', 18, '男', '110', '大学', '毕业', '网络', 'www.ok.com', '学校', '背景', '1', '4', '603560688', '25585885', '学生', '2018-06-14 00:00:00', 'java', '是', '200', '否', '2018-06-14 00:00:00', '否', '2018-06-14 00:00:00', '请假', '否', '2018-06-14 00:00:00', 155555, '否', '否', '2018-06-14 00:00:00', '北游', '杨', '否', '电信部', '百度', '是', '咨询师2', '孙', '转学', 500, '2018-06-14 00:00:00'),
	(74, 'dalao', 18, '男', '110', '大学', '毕业', '网络', 'www.ok.com', '学校', '背景', '1', '4', '603560688', '25585885', '学生', '2018-06-14 00:00:00', 'java', '是', '200', '否', '2018-06-14 00:00:00', '否', '2018-06-14 00:00:00', '请假', '否', '2018-06-14 00:00:00', 155555, '否', '否', '2018-06-14 00:00:00', '北游', '杨', '否', '电信部', '百度', '是', '咨询师2', '孙', '转学', 500, '2018-06-14 00:00:00'),
	(76, '撒', 22, '男', '2222', NULL, NULL, NULL, NULL, NULL, NULL, NULL, NULL, '185222', '185222', NULL, '2018-06-23 17:53:48', NULL, '待定', NULL, '否', '2018-06-14 21:24:02', '否', NULL, NULL, '否', NULL, 0, '否', '否', '2018-06-15 10:11:36', NULL, NULL, '否', NULL, NULL, NULL, '张三', '张三', NULL, 0, NULL),
	(78, 'tom', 12, '男', '215', NULL, NULL, '541', NULL, NULL, NULL, NULL, NULL, '21', '21', NULL, '2018-06-23 18:11:25', NULL, '待定', NULL, '否', '2018-06-14 21:24:02', '否', NULL, NULL, '否', NULL, 0, '否', '否', '2018-06-15 10:11:36', NULL, NULL, '否', NULL, NULL, NULL, 'jhsbd', 'qweasd', NULL, 0, NULL),
	(79, 'suntom', 52, '男', '110', NULL, NULL, '849', NULL, NULL, NULL, NULL, NULL, '2156', 'wy212', NULL, '2018-06-23 18:12:15', NULL, '待定', NULL, '否', '2018-06-14 21:24:02', '否', NULL, NULL, '否', NULL, 0, '否', '否', '2018-06-15 10:11:36', NULL, NULL, '否', NULL, NULL, NULL, 'tuns', '231', NULL, 0, NULL),
	(80, 'www', 1212, '男', '231', NULL, NULL, '3216', NULL, NULL, NULL, NULL, NULL, '321', '1', NULL, '2018-06-23 18:13:13', NULL, '待定', NULL, '否', '2018-06-14 21:24:02', '否', NULL, NULL, '否', NULL, 0, '否', '否', '2018-06-15 10:11:36', NULL, NULL, '否', NULL, NULL, NULL, '541', '651', NULL, 0, NULL),
	(81, 'wujni', 232, '男', '28y1', NULL, NULL, '3213', NULL, NULL, NULL, NULL, NULL, '23', '234', NULL, '2018-06-23 18:13:49', NULL, '待定', NULL, '否', '2018-06-14 21:24:02', '否', NULL, NULL, '否', NULL, 0, '否', '否', '2018-06-15 10:11:36', NULL, NULL, '否', NULL, NULL, NULL, 'qasd', 'qwe', NULL, 0, NULL),
	(82, 'ttt', 212, '男', '22', NULL, NULL, '21', NULL, NULL, NULL, NULL, NULL, '213', '1wse', NULL, '2018-06-23 18:17:28', NULL, '待定', NULL, '否', '2018-06-14 21:24:02', '否', NULL, NULL, '否', NULL, 0, '否', '否', '2018-06-15 10:11:36', NULL, NULL, '否', NULL, NULL, NULL, 'qwe', 'qwe', NULL, 0, NULL),
	(90, 'wuli', 22, '男', '213', NULL, NULL, '312ase', NULL, NULL, NULL, NULL, NULL, '124532152', 'sad12412', NULL, '2018-06-24 14:12:06', NULL, '待定', NULL, '否', NULL, '否', NULL, NULL, 'SAD', NULL, 0, '否', '否', NULL, NULL, NULL, '否', NULL, NULL, NULL, 'ASD', 'DFADW', NULL, 222, NULL),
	(91, 'S', 2, '男', 'SS', NULL, NULL, 'SS', NULL, NULL, NULL, NULL, NULL, 'S', 'S', NULL, '2018-06-24 00:00:00', NULL, '待定', NULL, '否', NULL, '否', NULL, NULL, 'S', NULL, 0, '否', '否', NULL, NULL, NULL, '否', NULL, NULL, NULL, 'S', 'S', NULL, 2, NULL),
	(92, '撒旦1', 11, '男', '1', NULL, NULL, '1', NULL, NULL, NULL, NULL, NULL, '11', '1', NULL, '2018-06-24 00:00:00', NULL, '待定', NULL, '否', NULL, '否', NULL, NULL, '11', NULL, 0, '否', '否', NULL, NULL, NULL, '否', NULL, NULL, NULL, '1', '1', NULL, 1, NULL),
	(93, 'SUN', 78, '男', '1584758669', NULL, NULL, 'WANG', NULL, NULL, NULL, NULL, NULL, '213542', '1235', NULL, '2018-06-24 00:00:00', NULL, '待定', NULL, '否', NULL, '否', NULL, NULL, '是', NULL, 0, '否', '否', NULL, NULL, NULL, '否', NULL, NULL, NULL, 'SUN', 'SAD', NULL, 222, NULL),
	(94, 'sandy', 25, '男', '18790080963', NULL, NULL, '网络', NULL, NULL, NULL, NULL, NULL, '603560688', '18785555', NULL, '2018-06-24 00:00:00', NULL, '待定', NULL, '否', NULL, '否', NULL, NULL, '是', NULL, 0, '否', '否', NULL, NULL, NULL, '否', NULL, NULL, NULL, '孙老师', '孙老师', NULL, 500, NULL),
	(95, 'yui', 87, '男', '87768', NULL, NULL, '79687', NULL, NULL, NULL, NULL, NULL, '87678', '787', NULL, '2018-06-24 00:00:00', NULL, '待定', NULL, '否', NULL, '否', NULL, NULL, '是', NULL, 0, '否', '否', NULL, NULL, NULL, '否', NULL, NULL, NULL, 'uhui', 'sad', NULL, 222, NULL),
	(96, 'dalao', 18, '男', '110', '大学', '毕业', '网络', 'www.ok.com', '学校', '背景', '1', '4', '603560688', '25585885', '学生', '2018-06-14 00:00:00', 'java', '是', '200', '否', '2018-06-14 00:00:00', '否', '2018-06-14 00:00:00', '请假', '否', '2018-06-14 00:00:00', 155555, '否', '否', '2018-06-14 00:00:00', '北游', '杨', '否', '电信部', '百度', '是', '咨询师2', '孙', '转学', 500, '2018-06-14 00:00:00');
/*!40000 ALTER TABLE `students` ENABLE KEYS */;


-- 导出  表 ssmtest.systemlogmessage 结构
CREATE TABLE IF NOT EXISTS `systemlogmessage` (
  `idSystemLogMessage` int(11) NOT NULL AUTO_INCREMENT,
  `SystemLogMessage_Name` varchar(45) NOT NULL,
  `SystemLogMessage_Roles` varchar(45) NOT NULL,
  `SystemLogMessag_Method` varchar(250) NOT NULL,
  `SystemLogMessage_description` varchar(250) NOT NULL,
  `SystemLogMessage_params` varchar(250) NOT NULL,
  `SystemLogMessage_startTime` date NOT NULL,
  `SystemLogMessage_time` varchar(100) NOT NULL,
  `SystemLogMessage_successful` varchar(45) NOT NULL,
  `SystemLogMessage_exception` text,
  PRIMARY KEY (`idSystemLogMessage`)
) ENGINE=InnoDB AUTO_INCREMENT=2705 DEFAULT CHARSET=utf8;

-- 正在导出表  ssmtest.systemlogmessage 的数据：~1,166 rows (大约)
/*!40000 ALTER TABLE `systemlogmessage` DISABLE KEYS */;
REPLACE INTO `systemlogmessage` (`idSystemLogMessage`, `SystemLogMessage_Name`, `SystemLogMessage_Roles`, `SystemLogMessag_Method`, `SystemLogMessage_description`, `SystemLogMessage_params`, `SystemLogMessage_startTime`, `SystemLogMessage_time`, `SystemLogMessage_successful`, `SystemLogMessage_exception`) VALUES
	(1553, 'root', 'role', 'selectModulesByModuleId', '通过模块id查询模块信息', '[[190,188,187,189]]', '2018-06-08', '16ms', 'ok', NULL),
	(1554, 'root', 'role', 'selectAllUser', '查看所有用户列表', '[1,10]', '2018-06-08', '17ms', 'ok', NULL),
	(1555, 'root', 'role', 'selectUserByNameAndPassWord', '用户登录系统，根据用户名和密码来查询该用户是否存在', '["ls","123456"]', '2018-06-09', '1033ms', 'ok', NULL),
	(1556, 'root', 'role', 'selectRoleIdByUserId', '根据用户id来查询到此用户具有的所有的角色id', '[13]', '2018-06-09', '14ms', 'ok', NULL),
	(1557, 'root', 'role', 'selectRoleByUserId', '通过用户id查询角色信息', '[13]', '2018-06-09', '6ms', 'ok', NULL),
	(1558, 'root', 'role', 'selectModuleIdByRolesId', '根据角色的id来查询到所对应的各个模块id', '[13]', '2018-06-09', '14ms', 'ok', NULL),
	(1559, 'root', 'role', 'selectPermissionByUserId', '通过用户id查找用户所有权限', '[13]', '2018-06-09', '12ms', 'ok', NULL),
	(1560, 'root', 'role', 'selectModulesByModuleId', '通过模块id查询模块信息', '[[190,188,187,189]]', '2018-06-09', '26ms', 'ok', NULL),
	(1561, 'root', 'role', 'selectAll', '查询所有的角色操作', '[1,10]', '2018-06-09', '143ms', 'ok', NULL),
	(1562, 'root', 'role', 'selectNoModule', '查角色没有的模块操作', '[3]', '2018-06-09', '5ms', 'ok', NULL),
	(1563, 'root', 'role', 'selectModule', '查角色已有的模块操作', '[3]', '2018-06-09', '7ms', 'ok', NULL),
	(1564, 'root', 'role', 'selectUserByNameAndPassWord', '用户登录系统，根据用户名和密码来查询该用户是否存在', '["ls","123456"]', '2018-06-09', '6ms', 'ok', NULL),
	(1565, 'root', 'role', 'selectRoleIdByUserId', '根据用户id来查询到此用户具有的所有的角色id', '[13]', '2018-06-09', '4ms', 'ok', NULL),
	(1566, 'root', 'role', 'selectRoleByUserId', '通过用户id查询角色信息', '[13]', '2018-06-09', '2ms', 'ok', NULL),
	(1567, 'root', 'role', 'selectModuleIdByRolesId', '根据角色的id来查询到所对应的各个模块id', '[13]', '2018-06-09', '5ms', 'ok', NULL),
	(1568, 'root', 'role', 'selectPermissionByUserId', '通过用户id查找用户所有权限', '[13]', '2018-06-09', '3ms', 'ok', NULL),
	(1569, 'root', 'role', 'selectModulesByModuleId', '通过模块id查询模块信息', '[[190,188,187,189]]', '2018-06-09', '10ms', 'ok', NULL),
	(1570, 'root', 'role', 'selectAll', '查询所有的角色操作', '[1,10]', '2018-06-09', '9ms', 'ok', NULL),
	(1571, 'root', 'role', 'selectRoleByName', '根据角色名查询某一角色操作', '["刘爱华"]', '2018-06-09', '17ms', 'ok', NULL),
	(1572, 'root', 'role', 'selectAll', '查询所有的角色操作', '[1,10]', '2018-06-09', '5ms', 'ok', NULL),
	(1573, 'root', 'role', 'insertRole', '添加角色操作', '["刘爱华是个dog"]', '2018-06-09', '11ms', 'ok', NULL),
	(1574, 'root', 'role', 'selectAll', '查询所有的角色操作', '[2,10]', '2018-06-09', '4ms', 'ok', NULL),
	(1575, 'root', 'role', 'selectNoModule', '查角色没有的模块操作', '[27]', '2018-06-09', '10ms', 'ok', NULL),
	(1576, 'root', 'role', 'selectModule', '查角色已有的模块操作', '[27]', '2018-06-09', '6ms', 'ok', NULL),
	(1577, 'root', 'role', 'selectRoleAndModuleById', '查询某一角色是否已具有指定的模块', '[27,214]', '2018-06-09', '3ms', 'ok', NULL),
	(1578, 'root', 'role', 'InsertRoleAndModuleById', '为角色分配模块的操作', '[27,214]', '2018-06-09', '7ms', 'ok', NULL),
	(1579, 'root', 'role', 'selectModule', '查角色已有的模块操作', '[27]', '2018-06-09', '3ms', 'ok', NULL),
	(1580, 'root', 'role', 'selectNoModule', '查角色没有的模块操作', '[27]', '2018-06-09', '3ms', 'ok', NULL),
	(1581, 'root', 'role', 'selectRoleAndModuleById', '查询某一角色是否已具有指定的模块', '[27,198]', '2018-06-09', '4ms', 'ok', NULL),
	(1582, 'root', 'role', 'InsertRoleAndModuleById', '为角色分配模块的操作', '[27,198]', '2018-06-09', '4ms', 'ok', NULL),
	(1583, 'root', 'role', 'selectNoModule', '查角色没有的模块操作', '[27]', '2018-06-09', '4ms', 'ok', NULL),
	(1584, 'root', 'role', 'selectModule', '查角色已有的模块操作', '[27]', '2018-06-09', '4ms', 'ok', NULL),
	(1585, 'root', 'role', 'selectModule', '查角色已有的模块操作', '[12]', '2018-06-09', '7ms', 'ok', NULL),
	(1586, 'root', 'role', 'selectNoModule', '查角色没有的模块操作', '[12]', '2018-06-09', '7ms', 'ok', NULL),
	(1587, 'root', 'role', 'selectRoleAndModuleById', '查询某一角色是否已具有指定的模块', '[12,214]', '2018-06-09', '3ms', 'ok', NULL),
	(1588, 'root', 'role', 'InsertRoleAndModuleById', '为角色分配模块的操作', '[12,214]', '2018-06-09', '5ms', 'ok', NULL),
	(1589, 'root', 'role', 'selectModule', '查角色已有的模块操作', '[12]', '2018-06-09', '4ms', 'ok', NULL),
	(1590, 'root', 'role', 'selectNoModule', '查角色没有的模块操作', '[12]', '2018-06-09', '5ms', 'ok', NULL),
	(1591, 'root', 'role', 'selectAll', '查询所有的角色操作', '[2,10]', '2018-06-09', '4ms', 'ok', NULL),
	(1592, 'root', 'role', 'selectNoModule', '查角色没有的模块操作', '[27]', '2018-06-09', '6ms', 'ok', NULL),
	(1593, 'root', 'role', 'selectModule', '查角色已有的模块操作', '[27]', '2018-06-09', '6ms', 'ok', NULL),
	(1594, 'root', 'role', 'selectNoModule', '查角色没有的模块操作', '[12]', '2018-06-09', '3ms', 'ok', NULL),
	(1595, 'root', 'role', 'selectModule', '查角色已有的模块操作', '[12]', '2018-06-09', '4ms', 'ok', NULL),
	(1596, 'root', 'role', 'selectAll', '查询所有的角色操作', '[2,10]', '2018-06-09', '4ms', 'ok', NULL),
	(1597, 'root', 'role', 'selectNoModule', '查角色没有的模块操作', '[27]', '2018-06-09', '5ms', 'ok', NULL),
	(1598, 'root', 'role', 'selectModule', '查角色已有的模块操作', '[27]', '2018-06-09', '5ms', 'ok', NULL),
	(1599, 'root', 'role', 'deleteModuleAndRoleByModuleId', '删除角色的某一模块的操作', '[27,214]', '2018-06-09', '1681ms', 'ok', NULL),
	(1600, 'root', 'role', 'selectNoModule', '查角色没有的模块操作', '[27]', '2018-06-09', '2ms', 'ok', NULL),
	(1601, 'root', 'role', 'selectModule', '查角色已有的模块操作', '[27]', '2018-06-09', '2ms', 'ok', NULL),
	(1602, 'root', 'role', 'deleteModuleAndRoleByModuleId', '删除角色的某一模块的操作', '[27,198]', '2018-06-09', '13ms', 'ok', NULL),
	(1603, 'root', 'role', 'selectModule', '查角色已有的模块操作', '[27]', '2018-06-09', '3ms', 'ok', NULL),
	(1604, 'root', 'role', 'selectNoModule', '查角色没有的模块操作', '[27]', '2018-06-09', '10ms', 'ok', NULL),
	(1605, 'root', 'role', 'selectRoleNoPermissions', '查询某一角色没有的权限的操作', '[12]', '2018-06-09', '6ms', 'ok', NULL),
	(1606, 'root', 'role', 'selectRolePermissions', '查询某一角色所拥有的权限的操作', '[12]', '2018-06-09', '6ms', 'ok', NULL),
	(1607, 'root', 'role', 'insertPermissionAndRole', '为角色添加权限的操作', '[12,12]', '2018-06-09', '4ms', 'ok', NULL),
	(1608, 'root', 'role', 'selectRolePermissions', '查询某一角色所拥有的权限的操作', '[12]', '2018-06-09', '7ms', 'ok', NULL),
	(1609, 'root', 'role', 'selectRoleNoPermissions', '查询某一角色没有的权限的操作', '[12]', '2018-06-09', '8ms', 'ok', NULL),
	(1610, 'root', 'role', 'insertPermissionAndRole', '为角色添加权限的操作', '[12,7]', '2018-06-09', '12ms', 'ok', NULL),
	(1611, 'root', 'role', 'selectRolePermissions', '查询某一角色所拥有的权限的操作', '[12]', '2018-06-09', '2ms', 'ok', NULL),
	(1612, 'root', 'role', 'selectRoleNoPermissions', '查询某一角色没有的权限的操作', '[12]', '2018-06-09', '3ms', 'ok', NULL),
	(1613, 'root', 'role', 'deletePermissionAndRole', '为角色删除权限的操作', '[12,12]', '2018-06-09', '12ms', 'ok', NULL),
	(1614, 'root', 'role', 'selectRoleNoPermissions', '查询某一角色没有的权限的操作', '[12]', '2018-06-09', '5ms', 'ok', NULL),
	(1615, 'root', 'role', 'selectRolePermissions', '查询某一角色所拥有的权限的操作', '[12]', '2018-06-09', '5ms', 'ok', NULL),
	(1616, 'root', 'role', 'insertPermissionAndRole', '为角色添加权限的操作', '[12,9]', '2018-06-09', '12ms', 'ok', NULL),
	(1617, 'root', 'role', 'selectRolePermissions', '查询某一角色所拥有的权限的操作', '[12]', '2018-06-09', '5ms', 'ok', NULL),
	(1618, 'root', 'role', 'selectRoleNoPermissions', '查询某一角色没有的权限的操作', '[12]', '2018-06-09', '5ms', 'ok', NULL),
	(1619, 'root', 'role', 'deletePermissionAndRole', '为角色删除权限的操作', '[12,9]', '2018-06-09', '15ms', 'ok', NULL),
	(1620, 'root', 'role', 'selectRolePermissions', '查询某一角色所拥有的权限的操作', '[12]', '2018-06-09', '2ms', 'ok', NULL),
	(1621, 'root', 'role', 'selectRoleNoPermissions', '查询某一角色没有的权限的操作', '[12]', '2018-06-09', '3ms', 'ok', NULL),
	(1622, 'root', 'role', 'deletePermissionAndRole', '为角色删除权限的操作', '[12,7]', '2018-06-09', '12ms', 'ok', NULL),
	(1623, 'root', 'role', 'selectRolePermissions', '查询某一角色所拥有的权限的操作', '[12]', '2018-06-09', '7ms', 'ok', NULL),
	(1624, 'root', 'role', 'selectRoleNoPermissions', '查询某一角色没有的权限的操作', '[12]', '2018-06-09', '9ms', 'ok', NULL),
	(1625, 'root', 'role', 'insertPermissionAndRole', '为角色添加权限的操作', '[12,8]', '2018-06-09', '12ms', 'ok', NULL),
	(1626, 'root', 'role', 'selectRolePermissions', '查询某一角色所拥有的权限的操作', '[12]', '2018-06-09', '4ms', 'ok', NULL),
	(1627, 'root', 'role', 'selectRoleNoPermissions', '查询某一角色没有的权限的操作', '[12]', '2018-06-09', '5ms', 'ok', NULL),
	(1628, 'root', 'role', 'insertPermissionAndRole', '为角色添加权限的操作', '[12,12]', '2018-06-09', '11ms', 'ok', NULL),
	(1629, 'root', 'role', 'selectRolePermissions', '查询某一角色所拥有的权限的操作', '[12]', '2018-06-09', '5ms', 'ok', NULL),
	(1630, 'root', 'role', 'selectRoleNoPermissions', '查询某一角色没有的权限的操作', '[12]', '2018-06-09', '6ms', 'ok', NULL),
	(1631, 'root', 'role', 'insertPermissionAndRole', '为角色添加权限的操作', '[12,9]', '2018-06-09', '11ms', 'ok', NULL),
	(1632, 'root', 'role', 'selectRoleNoPermissions', '查询某一角色没有的权限的操作', '[12]', '2018-06-09', '3ms', 'ok', NULL),
	(1633, 'root', 'role', 'selectRolePermissions', '查询某一角色所拥有的权限的操作', '[12]', '2018-06-09', '3ms', 'ok', NULL),
	(1634, 'root', 'role', 'insertPermissionAndRole', '为角色添加权限的操作', '[12,14]', '2018-06-09', '11ms', 'ok', NULL),
	(1635, 'root', 'role', 'selectRolePermissions', '查询某一角色所拥有的权限的操作', '[12]', '2018-06-09', '4ms', 'ok', NULL),
	(1636, 'root', 'role', 'selectRoleNoPermissions', '查询某一角色没有的权限的操作', '[12]', '2018-06-09', '4ms', 'ok', NULL),
	(1637, 'root', 'role', 'insertPermissionAndRole', '为角色添加权限的操作', '[12,5]', '2018-06-09', '4ms', 'ok', NULL),
	(1638, 'root', 'role', 'selectRolePermissions', '查询某一角色所拥有的权限的操作', '[12]', '2018-06-09', '3ms', 'ok', NULL),
	(1639, 'root', 'role', 'selectRoleNoPermissions', '查询某一角色没有的权限的操作', '[12]', '2018-06-09', '3ms', 'ok', NULL),
	(1640, 'root', 'role', 'deletePermissionAndRole', '为角色删除权限的操作', '[12,8]', '2018-06-09', '11ms', 'ok', NULL),
	(1641, 'root', 'role', 'selectRolePermissions', '查询某一角色所拥有的权限的操作', '[12]', '2018-06-09', '4ms', 'ok', NULL),
	(1642, 'root', 'role', 'selectRoleNoPermissions', '查询某一角色没有的权限的操作', '[12]', '2018-06-09', '5ms', 'ok', NULL),
	(1643, 'root', 'role', 'insertPermissionAndRole', '为角色添加权限的操作', '[12,11]', '2018-06-09', '12ms', 'ok', NULL),
	(1644, 'root', 'role', 'selectRoleNoPermissions', '查询某一角色没有的权限的操作', '[12]', '2018-06-09', '6ms', 'ok', NULL),
	(1645, 'root', 'role', 'selectRolePermissions', '查询某一角色所拥有的权限的操作', '[12]', '2018-06-09', '6ms', 'ok', NULL),
	(1646, 'root', 'role', 'deletePermissionAndRole', '为角色删除权限的操作', '[12,14]', '2018-06-09', '11ms', 'ok', NULL),
	(1647, 'root', 'role', 'selectRoleNoPermissions', '查询某一角色没有的权限的操作', '[12]', '2018-06-09', '4ms', 'ok', NULL),
	(1648, 'root', 'role', 'selectRolePermissions', '查询某一角色所拥有的权限的操作', '[12]', '2018-06-09', '4ms', 'ok', NULL),
	(1649, 'root', 'role', 'deletePermissionAndRole', '为角色删除权限的操作', '[12,12]', '2018-06-09', '11ms', 'ok', NULL),
	(1650, 'root', 'role', 'selectRoleNoPermissions', '查询某一角色没有的权限的操作', '[12]', '2018-06-09', '7ms', 'ok', NULL),
	(1651, 'root', 'role', 'selectRolePermissions', '查询某一角色所拥有的权限的操作', '[12]', '2018-06-09', '7ms', 'ok', NULL),
	(1652, 'root', 'role', 'deletePermissionAndRole', '为角色删除权限的操作', '[12,11]', '2018-06-09', '11ms', 'ok', NULL),
	(1653, 'root', 'role', 'selectRoleNoPermissions', '查询某一角色没有的权限的操作', '[12]', '2018-06-09', '3ms', 'ok', NULL),
	(1654, 'root', 'role', 'selectRolePermissions', '查询某一角色所拥有的权限的操作', '[12]', '2018-06-09', '3ms', 'ok', NULL),
	(1655, 'root', 'role', 'insertPermissionAndRole', '为角色添加权限的操作', '[12,12]', '2018-06-09', '11ms', 'ok', NULL),
	(1656, 'root', 'role', 'selectRolePermissions', '查询某一角色所拥有的权限的操作', '[12]', '2018-06-09', '4ms', 'ok', NULL),
	(1657, 'root', 'role', 'selectRoleNoPermissions', '查询某一角色没有的权限的操作', '[12]', '2018-06-09', '5ms', 'ok', NULL),
	(1658, 'root', 'role', 'selectAll', '查询所有的角色操作', '[1,10]', '2018-06-09', '5ms', 'ok', NULL),
	(1659, 'root', 'role', 'selectNoModule', '查角色没有的模块操作', '[3]', '2018-06-09', '4ms', 'ok', NULL),
	(1660, 'root', 'role', 'selectModule', '查角色已有的模块操作', '[3]', '2018-06-09', '2ms', 'ok', NULL),
	(1661, 'root', 'role', 'selectRoleAndModuleById', '查询某一角色是否已具有指定的模块', '[3,214]', '2018-06-09', '3ms', 'ok', NULL),
	(1662, 'root', 'role', 'InsertRoleAndModuleById', '为角色分配模块的操作', '[3,214]', '2018-06-09', '4ms', 'ok', NULL),
	(1663, 'root', 'role', 'selectModule', '查角色已有的模块操作', '[3]', '2018-06-09', '3ms', 'ok', NULL),
	(1664, 'root', 'role', 'selectNoModule', '查角色没有的模块操作', '[3]', '2018-06-09', '3ms', 'ok', NULL),
	(1665, 'root', 'role', 'deleteModuleAndRoleByModuleId', '删除角色的某一模块的操作', '[3,214]', '2018-06-09', '11ms', 'ok', NULL),
	(1666, 'root', 'role', 'selectModule', '查角色已有的模块操作', '[3]', '2018-06-09', '7ms', 'ok', NULL),
	(1667, 'root', 'role', 'selectNoModule', '查角色没有的模块操作', '[3]', '2018-06-09', '8ms', 'ok', NULL),
	(1668, 'root', 'role', 'selectNoModule', '查角色没有的模块操作', '[8]', '2018-06-09', '5ms', 'ok', NULL),
	(1669, 'root', 'role', 'selectModule', '查角色已有的模块操作', '[8]', '2018-06-09', '2ms', 'ok', NULL),
	(1670, 'root', 'role', 'selectNoModule', '查角色没有的模块操作', '[9]', '2018-06-09', '2ms', 'ok', NULL),
	(1671, 'root', 'role', 'selectModule', '查角色已有的模块操作', '[9]', '2018-06-09', '1ms', 'ok', NULL),
	(1672, 'root', 'role', 'selectUserByNameAndPassWord', '用户登录系统，根据用户名和密码来查询该用户是否存在', '["ls","123456"]', '2018-06-11', '1762ms', 'ok', NULL),
	(1673, 'root', 'role', 'selectRoleIdByUserId', '根据用户id来查询到此用户具有的所有的角色id', '[13]', '2018-06-11', '1826ms', 'ok', NULL),
	(1674, 'root', 'role', 'selectRoleByUserId', '通过用户id查询角色信息', '[13]', '2018-06-11', '910ms', 'ok', NULL),
	(1675, 'root', 'role', 'selectModuleIdByRolesId', '根据角色的id来查询到所对应的各个模块id', '[13]', '2018-06-11', '25ms', 'ok', NULL),
	(1676, 'root', 'role', 'selectPermissionByUserId', '通过用户id查找用户所有权限', '[13]', '2018-06-11', '25ms', 'ok', NULL),
	(1677, 'root', 'role', 'selectModulesByModuleId', '通过模块id查询模块信息', '[[190,188,187,189]]', '2018-06-11', '17ms', 'ok', NULL),
	(1678, 'root', 'role', 'selectAllUser', '查看所有用户列表', '[1,10]', '2018-06-11', '123ms', 'ok', NULL),
	(1679, 'root', 'role', 'selectAll', '查询所有的角色操作', '[1,10]', '2018-06-11', '21ms', 'ok', NULL),
	(1680, 'root', 'role', 'selectUserByNameAndPassWord', '用户登录系统，根据用户名和密码来查询该用户是否存在', '["ls","123456"]', '2018-06-11', '909ms', 'ok', NULL),
	(1681, 'root', 'role', 'selectRoleIdByUserId', '根据用户id来查询到此用户具有的所有的角色id', '[13]', '2018-06-11', '16ms', 'ok', NULL),
	(1682, 'root', 'role', 'selectRoleByUserId', '通过用户id查询角色信息', '[13]', '2018-06-11', '6ms', 'ok', NULL),
	(1683, 'root', 'role', 'selectModuleIdByRolesId', '根据角色的id来查询到所对应的各个模块id', '[13]', '2018-06-11', '10ms', 'ok', NULL),
	(1684, 'root', 'role', 'selectPermissionByUserId', '通过用户id查找用户所有权限', '[13]', '2018-06-11', '11ms', 'ok', NULL),
	(1685, 'root', 'role', 'selectModulesByModuleId', '通过模块id查询模块信息', '[[190,188,187,189]]', '2018-06-11', '26ms', 'ok', NULL),
	(1686, 'root', 'role', 'selectAllUser', '查看所有用户列表', '[1,10]', '2018-06-11', '131ms', 'ok', NULL),
	(1687, 'root', 'role', 'selectAll', '查询所有的角色操作', '[1,10]', '2018-06-11', '11ms', 'ok', NULL),
	(1688, 'root', 'role', 'selectUserByNameAndPassWord', '用户登录系统，根据用户名和密码来查询该用户是否存在', '["ls","123456"]', '2018-06-14', '1231ms', 'ok', NULL),
	(1689, 'root', 'role', 'selectRoleIdByUserId', '根据用户id来查询到此用户具有的所有的角色id', '[13]', '2018-06-14', '32ms', 'ok', NULL),
	(1690, 'root', 'role', 'selectRoleByUserId', '通过用户id查询角色信息', '[13]', '2018-06-14', '0ms', 'ok', NULL),
	(1691, 'root', 'role', 'selectModuleIdByRolesId', '根据角色的id来查询到所对应的各个模块id', '[13]', '2018-06-14', '31ms', 'ok', NULL),
	(1692, 'root', 'role', 'selectPermissionByUserId', '通过用户id查找用户所有权限', '[13]', '2018-06-14', '62ms', 'ok', NULL),
	(1693, 'root', 'role', 'selectModulesByModuleId', '通过模块id查询模块信息', '[[190,188,187,189]]', '2018-06-14', '15ms', 'ok', NULL),
	(1694, 'root', 'role', 'selectAllUser', '查看所有用户列表', '[1,10]', '2018-06-14', '115ms', 'ok', NULL),
	(1695, 'root', 'role', 'selectUserByNameAndPassWord', '用户登录系统，根据用户名和密码来查询该用户是否存在', '["ls","123456"]', '2018-06-14', '11ms', 'ok', NULL),
	(1696, 'root', 'role', 'selectRoleIdByUserId', '根据用户id来查询到此用户具有的所有的角色id', '[13]', '2018-06-14', '7ms', 'ok', NULL),
	(1697, 'root', 'role', 'selectRoleByUserId', '通过用户id查询角色信息', '[13]', '2018-06-14', '12ms', 'ok', NULL),
	(1698, 'root', 'role', 'selectModuleIdByRolesId', '根据角色的id来查询到所对应的各个模块id', '[13]', '2018-06-14', '7ms', 'ok', NULL),
	(1699, 'root', 'role', 'selectPermissionByUserId', '通过用户id查找用户所有权限', '[13]', '2018-06-14', '10ms', 'ok', NULL),
	(1700, 'root', 'role', 'selectModulesByModuleId', '通过模块id查询模块信息', '[[190,188,187,189]]', '2018-06-14', '8ms', 'ok', NULL),
	(1701, 'root', 'role', 'selectAllUser', '查看所有用户列表', '[1,10]', '2018-06-14', '25ms', 'ok', NULL),
	(1702, 'root', 'role', 'selectAllUser', '查看所有用户列表', '[1,10]', '2018-06-14', '12ms', 'ok', NULL),
	(1703, 'root', 'role', 'selectAll', '查询所有的角色操作', '[1,10]', '2018-06-14', '10ms', 'ok', NULL),
	(1704, 'root', 'role', 'selectModulesByModuleId', '通过模块id查询模块信息', '[[190,188,187,189]]', '2018-06-14', '12ms', 'ok', NULL),
	(1705, 'root', 'role', 'selectModulesByModuleId', '通过模块id查询模块信息', '[[190,188,187,189]]', '2018-06-14', '9ms', 'ok', NULL),
	(1706, 'root', 'role', 'selectModulesByModuleId', '通过模块id查询模块信息', '[[190,188,187,189]]', '2018-06-14', '10ms', 'ok', NULL),
	(1707, 'root', 'role', 'selectModulesByModuleId', '通过模块id查询模块信息', '[[190,188,187,189]]', '2018-06-14', '8ms', 'ok', NULL),
	(1708, 'root', 'role', 'selectModulesByModuleId', '通过模块id查询模块信息', '[[190,188,187,189]]', '2018-06-14', '7ms', 'ok', NULL),
	(1709, 'root', 'role', 'selectModulesByModuleId', '通过模块id查询模块信息', '[[190,188,187,189]]', '2018-06-14', '6ms', 'ok', NULL),
	(1710, 'root', 'role', 'selectModulesByModuleId', '通过模块id查询模块信息', '[[190,188,187,189]]', '2018-06-14', '7ms', 'ok', NULL),
	(1711, 'root', 'role', 'selectModulesByModuleId', '通过模块id查询模块信息', '[[190,188,187,189]]', '2018-06-14', '7ms', 'ok', NULL),
	(1712, 'root', 'role', 'selectModulesByModuleId', '通过模块id查询模块信息', '[[190,188,187,189]]', '2018-06-14', '7ms', 'ok', NULL),
	(1713, 'root', 'role', 'selectModulesByModuleId', '通过模块id查询模块信息', '[[190,188,187,189]]', '2018-06-14', '7ms', 'ok', NULL),
	(1714, 'root', 'role', 'selectModulesByModuleId', '通过模块id查询模块信息', '[[190,188,187,189]]', '2018-06-14', '8ms', 'ok', NULL),
	(1715, 'root', 'role', 'selectModulesByModuleId', '通过模块id查询模块信息', '[[190,188,187,189]]', '2018-06-14', '7ms', 'ok', NULL),
	(1716, 'root', 'role', 'selectModulesByModuleId', '通过模块id查询模块信息', '[[190,188,187,189]]', '2018-06-14', '10ms', 'ok', NULL),
	(1717, 'root', 'role', 'selectModulesByModuleId', '通过模块id查询模块信息', '[[190,188,187,189]]', '2018-06-14', '8ms', 'ok', NULL),
	(1718, 'root', 'role', 'selectModulesByModuleId', '通过模块id查询模块信息', '[[190,188,187,189]]', '2018-06-14', '577ms', 'ok', NULL),
	(1719, 'root', 'role', 'selectModulesByModuleId', '通过模块id查询模块信息', '[[190,188,187,189]]', '2018-06-14', '7ms', 'ok', NULL),
	(1720, 'root', 'role', 'selectModulesByModuleId', '通过模块id查询模块信息', '[[190,188,187,189]]', '2018-06-14', '8ms', 'ok', NULL),
	(1721, 'root', 'role', 'selectModulesByModuleId', '通过模块id查询模块信息', '[[190,188,187,189]]', '2018-06-14', '7ms', 'ok', NULL),
	(1722, 'root', 'role', 'selectUserByNameAndPassWord', '用户登录系统，根据用户名和密码来查询该用户是否存在', '["ls","123456"]', '2018-06-14', '3038ms', 'ok', NULL),
	(1723, 'root', 'role', 'selectRoleIdByUserId', '根据用户id来查询到此用户具有的所有的角色id', '[13]', '2018-06-14', '37ms', 'ok', NULL),
	(1724, 'root', 'role', 'selectRoleByUserId', '通过用户id查询角色信息', '[13]', '2018-06-14', '7ms', 'ok', NULL),
	(1725, 'root', 'role', 'selectModuleIdByRolesId', '根据角色的id来查询到所对应的各个模块id', '[13]', '2018-06-14', '18ms', 'ok', NULL),
	(1726, 'root', 'role', 'selectPermissionByUserId', '通过用户id查找用户所有权限', '[13]', '2018-06-14', '19ms', 'ok', NULL),
	(1727, 'root', 'role', 'selectModulesByModuleId', '通过模块id查询模块信息', '[[190,188,187,189]]', '2018-06-14', '12ms', 'ok', NULL),
	(1728, 'root', 'role', 'selectAllUser', '查看所有用户列表', '[1,10]', '2018-06-14', '115ms', 'ok', NULL),
	(1729, 'root', 'role', 'selectAll', '查询所有的角色操作', '[1,10]', '2018-06-14', '9ms', 'ok', NULL),
	(1730, 'root', 'role', 'selectUserByNameAndPassWord', '用户登录系统，根据用户名和密码来查询该用户是否存在', '["ls","123456"]', '2018-06-14', '5ms', 'ok', NULL),
	(1731, 'root', 'role', 'selectRoleIdByUserId', '根据用户id来查询到此用户具有的所有的角色id', '[13]', '2018-06-14', '5ms', 'ok', NULL),
	(1732, 'root', 'role', 'selectRoleByUserId', '通过用户id查询角色信息', '[13]', '2018-06-14', '6ms', 'ok', NULL),
	(1733, 'root', 'role', 'selectModuleIdByRolesId', '根据角色的id来查询到所对应的各个模块id', '[13]', '2018-06-14', '4ms', 'ok', NULL),
	(1734, 'root', 'role', 'selectPermissionByUserId', '通过用户id查找用户所有权限', '[13]', '2018-06-14', '8ms', 'ok', NULL),
	(1735, 'root', 'role', 'selectModulesByModuleId', '通过模块id查询模块信息', '[[190,188,187,189]]', '2018-06-14', '6ms', 'ok', NULL),
	(1736, 'root', 'role', 'selectAllUser', '查看所有用户列表', '[1,10]', '2018-06-14', '13ms', 'ok', NULL),
	(1737, 'root', 'role', 'selectAll', '查询所有的角色操作', '[1,10]', '2018-06-14', '8ms', 'ok', NULL),
	(1738, 'root', 'role', 'selectModulesByModuleId', '通过模块id查询模块信息', '[[190,188,187,189]]', '2018-06-14', '4ms', 'ok', NULL),
	(1739, 'root', 'role', 'selectModulesByModuleId', '通过模块id查询模块信息', '[[190,188,187,189]]', '2018-06-14', '5ms', 'ok', NULL),
	(1740, 'root', 'role', 'selectModulesByModuleId', '通过模块id查询模块信息', '[[190,188,187,189]]', '2018-06-14', '4ms', 'ok', NULL),
	(1741, 'root', 'role', 'selectModulesByModuleId', '通过模块id查询模块信息', '[[190,188,187,189]]', '2018-06-14', '4ms', 'ok', NULL),
	(1742, 'root', 'role', 'selectModulesByModuleId', '通过模块id查询模块信息', '[[190,188,187,189]]', '2018-06-14', '16ms', 'ok', NULL),
	(1743, 'root', 'role', 'selectUserByNameAndPassWord', '用户登录系统，根据用户名和密码来查询该用户是否存在', '["ls","123456"]', '2018-06-14', '1389ms', 'ok', NULL),
	(1744, 'root', 'role', 'selectRoleIdByUserId', '根据用户id来查询到此用户具有的所有的角色id', '[13]', '2018-06-14', '36ms', 'ok', NULL),
	(1745, 'root', 'role', 'selectRoleByUserId', '通过用户id查询角色信息', '[13]', '2018-06-14', '9ms', 'ok', NULL),
	(1746, 'root', 'role', 'selectModuleIdByRolesId', '根据角色的id来查询到所对应的各个模块id', '[13]', '2018-06-14', '26ms', 'ok', NULL),
	(1747, 'root', 'role', 'selectPermissionByUserId', '通过用户id查找用户所有权限', '[13]', '2018-06-14', '25ms', 'ok', NULL),
	(1748, 'root', 'role', 'selectModulesByModuleId', '通过模块id查询模块信息', '[[190,188,187,189]]', '2018-06-14', '10ms', 'ok', NULL),
	(1749, 'root', 'role', 'selectModulesByModuleId', '通过模块id查询模块信息', '[[190,188,187,189]]', '2018-06-14', '6ms', 'ok', NULL),
	(1750, 'root', 'role', 'selectModulesByModuleId', '通过模块id查询模块信息', '[[190,188,187,189]]', '2018-06-14', '5ms', 'ok', NULL),
	(1751, 'root', 'role', 'selectModulesByModuleId', '通过模块id查询模块信息', '[[190,188,187,189]]', '2018-06-14', '9ms', 'ok', NULL),
	(1752, 'root', 'role', 'selectModulesByModuleId', '通过模块id查询模块信息', '[[190,188,187,189]]', '2018-06-14', '6ms', 'ok', NULL),
	(1753, 'root', 'role', 'selectModulesByModuleId', '通过模块id查询模块信息', '[[190,188,187,189]]', '2018-06-14', '10ms', 'ok', NULL),
	(1754, 'root', 'role', 'selectAllUser', '查看所有用户列表', '[1,10]', '2018-06-14', '113ms', 'ok', NULL),
	(1755, 'root', 'role', 'selectModulesByModuleId', '通过模块id查询模块信息', '[[190,188,187,189]]', '2018-06-14', '13ms', 'ok', NULL),
	(1756, 'root', 'role', 'selectAllUser', '查看所有用户列表', '[1,10]', '2018-06-14', '13ms', 'ok', NULL),
	(1757, 'root', 'role', 'selectAll', '查询所有的角色操作', '[1,10]', '2018-06-14', '7ms', 'ok', NULL),
	(1758, 'root', 'role', 'queryAllRoles', '查询所有角色信息', '[]', '2018-06-14', '7ms', 'ok', NULL),
	(1759, 'root', 'role', 'updateRoleName', '设置用户的角色', '["总经理","ls"]', '2018-06-14', '9ms', 'ok', NULL),
	(1760, 'root', 'role', 'selectAllUser', '查看所有用户列表', '[1,10]', '2018-06-14', '12ms', 'ok', NULL),
	(1761, 'root', 'role', 'selectAll', '查询所有的角色操作', '[2,10]', '2018-06-14', '10ms', 'ok', NULL),
	(1762, 'root', 'role', 'selectRoleNoPermissions', '查询某一角色没有的权限的操作', '[17]', '2018-06-14', '10ms', 'ok', NULL),
	(1763, 'root', 'role', 'selectRolePermissions', '查询某一角色所拥有的权限的操作', '[17]', '2018-06-14', '45ms', 'ok', NULL),
	(1764, 'root', 'role', 'selectModulesByModuleId', '通过模块id查询模块信息', '[[190,188,187,189]]', '2018-06-14', '5ms', 'ok', NULL),
	(1765, 'root', 'role', 'selectAllUser', '查看所有用户列表', '[1,10]', '2018-06-14', '8ms', 'ok', NULL),
	(1766, 'root', 'role', 'selectAll', '查询所有的角色操作', '[1,10]', '2018-06-14', '5ms', 'ok', NULL),
	(1767, 'root', 'role', 'selectModulesByModuleId', '通过模块id查询模块信息', '[[190,188,187,189]]', '2018-06-14', '3ms', 'ok', NULL),
	(1768, 'root', 'role', 'selectAllUser', '查看所有用户列表', '[1,10]', '2018-06-14', '6ms', 'ok', NULL),
	(1769, 'root', 'role', 'selectModulesByModuleId', '通过模块id查询模块信息', '[[190,188,187,189]]', '2018-06-14', '4ms', 'ok', NULL),
	(1770, 'root', 'role', 'selectAllUser', '查看所有用户列表', '[1,10]', '2018-06-14', '7ms', 'ok', NULL),
	(1771, 'root', 'role', 'selectModulesByModuleId', '通过模块id查询模块信息', '[[190,188,187,189]]', '2018-06-14', '4ms', 'ok', NULL),
	(1772, 'root', 'role', 'selectAllUser', '查看所有用户列表', '[1,10]', '2018-06-14', '7ms', 'ok', NULL),
	(1773, 'root', 'role', 'selectAll', '查询所有的角色操作', '[1,10]', '2018-06-14', '6ms', 'ok', NULL),
	(1774, 'root', 'role', 'selectAll', '查询所有的角色操作', '[2,10]', '2018-06-14', '5ms', 'ok', NULL),
	(1775, 'root', 'role', 'selectModule', '查角色已有的模块操作', '[17]', '2018-06-14', '5ms', 'ok', NULL),
	(1776, 'root', 'role', 'selectNoModule', '查角色没有的模块操作', '[17]', '2018-06-14', '12ms', 'ok', NULL),
	(1777, 'root', 'role', 'selectRoleAndModuleById', '查询某一角色是否已具有指定的模块', '[17,198]', '2018-06-14', '4ms', 'ok', NULL),
	(1778, 'root', 'role', 'InsertRoleAndModuleById', '为角色分配模块的操作', '[17,198]', '2018-06-14', '11ms', 'ok', NULL),
	(1779, 'root', 'role', 'selectNoModule', '查角色没有的模块操作', '[17]', '2018-06-14', '3ms', 'ok', NULL),
	(1780, 'root', 'role', 'selectModule', '查角色已有的模块操作', '[17]', '2018-06-14', '5ms', 'ok', NULL),
	(1781, 'root', 'role', 'selectRoleAndModuleById', '查询某一角色是否已具有指定的模块', '[17,215]', '2018-06-14', '5ms', 'ok', NULL),
	(1782, 'root', 'role', 'InsertRoleAndModuleById', '为角色分配模块的操作', '[17,215]', '2018-06-14', '5ms', 'ok', NULL),
	(1783, 'root', 'role', 'selectModule', '查角色已有的模块操作', '[17]', '2018-06-14', '4ms', 'ok', NULL),
	(1784, 'root', 'role', 'selectNoModule', '查角色没有的模块操作', '[17]', '2018-06-14', '5ms', 'ok', NULL),
	(1785, 'root', 'role', 'selectAll', '查询所有的角色操作', '[2,10]', '2018-06-14', '5ms', 'ok', NULL),
	(1786, 'root', 'role', 'selectModule', '查角色已有的模块操作', '[17]', '2018-06-14', '14ms', 'ok', NULL),
	(1787, 'root', 'role', 'selectNoModule', '查角色没有的模块操作', '[17]', '2018-06-14', '14ms', 'ok', NULL),
	(1788, 'root', 'role', 'selectRoleAndModuleById', '查询某一角色是否已具有指定的模块', '[17,216]', '2018-06-14', '4ms', 'ok', NULL),
	(1789, 'root', 'role', 'InsertRoleAndModuleById', '为角色分配模块的操作', '[17,216]', '2018-06-14', '5ms', 'ok', NULL),
	(1790, 'root', 'role', 'selectModule', '查角色已有的模块操作', '[17]', '2018-06-14', '4ms', 'ok', NULL),
	(1791, 'root', 'role', 'selectNoModule', '查角色没有的模块操作', '[17]', '2018-06-14', '4ms', 'ok', NULL),
	(1792, 'root', 'role', 'selectRoleAndModuleById', '查询某一角色是否已具有指定的模块', '[17,214]', '2018-06-14', '4ms', 'ok', NULL),
	(1793, 'root', 'role', 'InsertRoleAndModuleById', '为角色分配模块的操作', '[17,214]', '2018-06-14', '6ms', 'ok', NULL),
	(1794, 'root', 'role', 'selectNoModule', '查角色没有的模块操作', '[17]', '2018-06-14', '2ms', 'ok', NULL),
	(1795, 'root', 'role', 'selectModule', '查角色已有的模块操作', '[17]', '2018-06-14', '3ms', 'ok', NULL),
	(1796, 'root', 'role', 'selectModulesByModuleId', '通过模块id查询模块信息', '[[190,188,187,189]]', '2018-06-14', '3ms', 'ok', NULL),
	(1797, 'root', 'role', 'selectUserByNameAndPassWord', '用户登录系统，根据用户名和密码来查询该用户是否存在', '["ls","123456"]', '2018-06-14', '5ms', 'ok', NULL),
	(1798, 'root', 'role', 'selectRoleIdByUserId', '根据用户id来查询到此用户具有的所有的角色id', '[13]', '2018-06-14', '3ms', 'ok', NULL),
	(1799, 'root', 'role', 'selectRoleByUserId', '通过用户id查询角色信息', '[13]', '2018-06-14', '478ms', 'no', '### Error querying database.  Cause: java.sql.SQLException: Subquery returns more than 1 row\r\n### The error may exist in file [D:\\newjava\\CRM_02\\ssmJava\\target\\ssmJava\\WEB-INF\\classes\\mapper\\RoleMapper.xml]\r\n### The error may involve defaultParameterMap\r\n### The error occurred while setting parameters\r\n### SQL: select Name from roles where Id= (select RoleId from userroles where UserId = ?)\r\n### Cause: java.sql.SQLException: Subquery returns more than 1 row\n; bad SQL grammar []; nested exception is java.sql.SQLException: Subquery returns more than 1 row'),
	(1800, 'root', 'role', 'selectModuleIdByRolesId', '根据角色的id来查询到所对应的各个模块id', '[13]', '2018-06-14', '34ms', 'ok', NULL),
	(1801, 'root', 'role', 'selectPermissionByUserId', '通过用户id查找用户所有权限', '[13]', '2018-06-14', '4ms', 'ok', NULL),
	(1802, 'root', 'role', 'selectModulesByModuleId', '通过模块id查询模块信息', '[[190,188,187,189,198,215,216,214]]', '2018-06-14', '3ms', 'ok', NULL),
	(1803, 'root', 'role', 'selectModulesByModuleId', '通过模块id查询模块信息', '[[190,188,187,189,198,215,216,214]]', '2018-06-14', '3ms', 'ok', NULL),
	(1804, 'root', 'role', 'selectModulesByModuleId', '通过模块id查询模块信息', '[[190,188,187,189,198,215,216,214]]', '2018-06-14', '3ms', 'ok', NULL),
	(1805, 'root', 'role', 'selectAllUser', '查看所有用户列表', '[1,10]', '2018-06-14', '6ms', 'ok', NULL),
	(1806, 'root', 'role', 'selectModulesByModuleId', '通过模块id查询模块信息', '[[190,188,187,189,198,215,216,214]]', '2018-06-14', '3ms', 'ok', NULL),
	(1807, 'root', 'role', 'selectUserByNameAndPassWord', '用户登录系统，根据用户名和密码来查询该用户是否存在', '["ls","123456"]', '2018-06-14', '4ms', 'ok', NULL),
	(1808, 'root', 'role', 'selectRoleIdByUserId', '根据用户id来查询到此用户具有的所有的角色id', '[13]', '2018-06-14', '3ms', 'ok', NULL),
	(1809, 'root', 'role', 'selectRoleByUserId', '通过用户id查询角色信息', '[13]', '2018-06-14', '86ms', 'no', '### Error querying database.  Cause: java.sql.SQLException: Subquery returns more than 1 row\r\n### The error may exist in file [D:\\newjava\\CRM_02\\ssmJava\\target\\ssmJava\\WEB-INF\\classes\\mapper\\RoleMapper.xml]\r\n### The error may involve defaultParameterMap\r\n### The error occurred while setting parameters\r\n### SQL: select Name from roles where Id= (select RoleId from userroles where UserId = ?)\r\n### Cause: java.sql.SQLException: Subquery returns more than 1 row\n; bad SQL grammar []; nested exception is java.sql.SQLException: Subquery returns more than 1 row'),
	(1810, 'root', 'role', 'selectModuleIdByRolesId', '根据角色的id来查询到所对应的各个模块id', '[13]', '2018-06-14', '9ms', 'ok', NULL),
	(1811, 'root', 'role', 'selectPermissionByUserId', '通过用户id查找用户所有权限', '[13]', '2018-06-14', '5ms', 'ok', NULL),
	(1812, 'root', 'role', 'selectModulesByModuleId', '通过模块id查询模块信息', '[[190,188,187,189,198,215,216,214]]', '2018-06-14', '2ms', 'ok', NULL),
	(1813, 'root', 'role', 'selectModulesByModuleId', '通过模块id查询模块信息', '[[190,188,187,189,198,215,216,214]]', '2018-06-14', '4ms', 'ok', NULL),
	(1814, 'root', 'role', 'selectModulesByModuleId', '通过模块id查询模块信息', '[[190,188,187,189,198,215,216,214]]', '2018-06-14', '3ms', 'ok', NULL),
	(1815, 'root', 'role', 'selectUserByNameAndPassWord', '用户登录系统，根据用户名和密码来查询该用户是否存在', '["ls","123456"]', '2018-06-14', '1304ms', 'ok', NULL),
	(1816, 'root', 'role', 'selectRoleIdByUserId', '根据用户id来查询到此用户具有的所有的角色id', '[13]', '2018-06-14', '26ms', 'ok', NULL),
	(1817, 'root', 'role', 'selectRoleByUserId', '通过用户id查询角色信息', '[13]', '2018-06-14', '428ms', 'no', '### Error querying database.  Cause: java.sql.SQLException: Subquery returns more than 1 row\r\n### The error may exist in file [D:\\newjava\\CRM_02\\ssmJava\\target\\ssmJava\\WEB-INF\\classes\\mapper\\RoleMapper.xml]\r\n### The error may involve defaultParameterMap\r\n### The error occurred while setting parameters\r\n### SQL: select Name from roles where Id= (select RoleId from userroles where UserId = ?)\r\n### Cause: java.sql.SQLException: Subquery returns more than 1 row\n; bad SQL grammar []; nested exception is java.sql.SQLException: Subquery returns more than 1 row'),
	(1818, 'root', 'role', 'selectModuleIdByRolesId', '根据角色的id来查询到所对应的各个模块id', '[13]', '2018-06-14', '56ms', 'ok', NULL),
	(1819, 'root', 'role', 'selectPermissionByUserId', '通过用户id查找用户所有权限', '[13]', '2018-06-14', '28ms', 'ok', NULL),
	(1820, 'root', 'role', 'selectModulesByModuleId', '通过模块id查询模块信息', '[[190,188,187,189,198,215,216,214]]', '2018-06-14', '10ms', 'ok', NULL),
	(1821, 'root', 'role', 'selectUserByNameAndPassWord', '用户登录系统，根据用户名和密码来查询该用户是否存在', '["ls","123456"]', '2018-06-15', '1089ms', 'ok', NULL),
	(1822, 'root', 'role', 'selectRoleIdByUserId', '根据用户id来查询到此用户具有的所有的角色id', '[13]', '2018-06-15', '39ms', 'ok', NULL),
	(1823, 'root', 'role', 'selectRoleByUserId', '通过用户id查询角色信息', '[13]', '2018-06-15', '1265ms', 'no', '### Error querying database.  Cause: java.sql.SQLException: Subquery returns more than 1 row\r\n### The error may exist in file [D:\\newjava\\CRM_02\\ssmJava\\target\\ssmJava\\WEB-INF\\classes\\mapper\\RoleMapper.xml]\r\n### The error may involve defaultParameterMap\r\n### The error occurred while setting parameters\r\n### SQL: select Name from roles where Id= (select RoleId from userroles where UserId = ?)\r\n### Cause: java.sql.SQLException: Subquery returns more than 1 row\n; bad SQL grammar []; nested exception is java.sql.SQLException: Subquery returns more than 1 row'),
	(1824, 'root', 'role', 'selectModuleIdByRolesId', '根据角色的id来查询到所对应的各个模块id', '[13]', '2018-06-15', '125ms', 'ok', NULL),
	(1825, 'root', 'role', 'selectPermissionByUserId', '通过用户id查找用户所有权限', '[13]', '2018-06-15', '119ms', 'ok', NULL),
	(1826, 'root', 'role', 'selectModulesByModuleId', '通过模块id查询模块信息', '[[190,188,187,189,198,215,216,214]]', '2018-06-15', '11ms', 'ok', NULL),
	(1827, 'root', 'role', 'selectModulesByModuleId', '通过模块id查询模块信息', '[[190,188,187,189,198,215,216,214]]', '2018-06-15', '7ms', 'ok', NULL),
	(1828, 'root', 'role', 'selectModulesByModuleId', '通过模块id查询模块信息', '[[190,188,187,189,198,215,216,214]]', '2018-06-15', '20ms', 'ok', NULL),
	(1829, 'root', 'role', 'selectModulesByModuleId', '通过模块id查询模块信息', '[[190,188,187,189,198,215,216,214]]', '2018-06-15', '4ms', 'ok', NULL),
	(1830, 'root', 'role', 'selectModulesByModuleId', '通过模块id查询模块信息', '[[190,188,187,189,198,215,216,214]]', '2018-06-15', '4ms', 'ok', NULL),
	(1831, 'root', 'role', 'selectModulesByModuleId', '通过模块id查询模块信息', '[[190,188,187,189,198,215,216,214]]', '2018-06-15', '5ms', 'ok', NULL),
	(1832, 'root', 'role', 'selectModulesByModuleId', '通过模块id查询模块信息', '[[190,188,187,189,198,215,216,214]]', '2018-06-15', '6ms', 'ok', NULL),
	(1833, 'root', 'role', 'selectModulesByModuleId', '通过模块id查询模块信息', '[[190,188,187,189,198,215,216,214]]', '2018-06-15', '5ms', 'ok', NULL),
	(1834, 'root', 'role', 'selectModulesByModuleId', '通过模块id查询模块信息', '[[190,188,187,189,198,215,216,214]]', '2018-06-15', '4ms', 'ok', NULL),
	(1835, 'root', 'role', 'selectModulesByModuleId', '通过模块id查询模块信息', '[[190,188,187,189,198,215,216,214]]', '2018-06-15', '5ms', 'ok', NULL),
	(1836, 'root', 'role', 'selectModulesByModuleId', '通过模块id查询模块信息', '[[190,188,187,189,198,215,216,214]]', '2018-06-15', '5ms', 'ok', NULL),
	(1837, 'root', 'role', 'selectModulesByModuleId', '通过模块id查询模块信息', '[[190,188,187,189,198,215,216,214]]', '2018-06-15', '4ms', 'ok', NULL),
	(1838, 'root', 'role', 'selectModulesByModuleId', '通过模块id查询模块信息', '[[190,188,187,189,198,215,216,214]]', '2018-06-15', '5ms', 'ok', NULL),
	(1839, 'root', 'role', 'selectModulesByModuleId', '通过模块id查询模块信息', '[[190,188,187,189,198,215,216,214]]', '2018-06-15', '4ms', 'ok', NULL),
	(1840, 'root', 'role', 'selectModulesByModuleId', '通过模块id查询模块信息', '[[190,188,187,189,198,215,216,214]]', '2018-06-15', '28ms', 'ok', NULL),
	(1841, 'root', 'role', 'selectModulesByModuleId', '通过模块id查询模块信息', '[[190,188,187,189,198,215,216,214]]', '2018-06-15', '5ms', 'ok', NULL),
	(1842, 'root', 'role', 'selectModulesByModuleId', '通过模块id查询模块信息', '[[190,188,187,189,198,215,216,214]]', '2018-06-15', '4ms', 'ok', NULL),
	(1843, 'root', 'role', 'selectModulesByModuleId', '通过模块id查询模块信息', '[[190,188,187,189,198,215,216,214]]', '2018-06-15', '4ms', 'ok', NULL),
	(1844, 'root', 'role', 'selectAllUser', '查看所有用户列表', '[1,10]', '2018-06-15', '241ms', 'ok', NULL),
	(1845, 'root', 'role', 'selectAll', '查询所有的角色操作', '[1,10]', '2018-06-15', '8ms', 'ok', NULL),
	(1846, 'root', 'role', 'selectAll', '查询所有的角色操作', '[1,10]', '2018-06-15', '8ms', 'ok', NULL),
	(1847, 'root', 'role', 'selectAllUser', '查看所有用户列表', '[1,10]', '2018-06-15', '13ms', 'ok', NULL),
	(1848, 'root', 'role', 'selectModulesByModuleId', '通过模块id查询模块信息', '[[190,188,187,189,198,215,216,214]]', '2018-06-15', '6ms', 'ok', NULL),
	(1849, 'root', 'role', 'selectModulesByModuleId', '通过模块id查询模块信息', '[[190,188,187,189,198,215,216,214]]', '2018-06-15', '4ms', 'ok', NULL),
	(1850, 'root', 'role', 'selectModulesByModuleId', '通过模块id查询模块信息', '[[190,188,187,189,198,215,216,214]]', '2018-06-15', '22ms', 'ok', NULL),
	(1851, 'root', 'role', 'selectModulesByModuleId', '通过模块id查询模块信息', '[[190,188,187,189,198,215,216,214]]', '2018-06-15', '4ms', 'ok', NULL),
	(1852, 'root', 'role', 'selectModulesByModuleId', '通过模块id查询模块信息', '[[190,188,187,189,198,215,216,214]]', '2018-06-15', '3ms', 'ok', NULL),
	(1853, 'root', 'role', 'selectModulesByModuleId', '通过模块id查询模块信息', '[[190,188,187,189,198,215,216,214]]', '2018-06-15', '4ms', 'ok', NULL),
	(1854, 'root', 'role', 'selectModulesByModuleId', '通过模块id查询模块信息', '[[190,188,187,189,198,215,216,214]]', '2018-06-15', '5ms', 'ok', NULL),
	(1855, 'root', 'role', 'selectModulesByModuleId', '通过模块id查询模块信息', '[[190,188,187,189,198,215,216,214]]', '2018-06-15', '4ms', 'ok', NULL),
	(1856, 'root', 'role', 'selectModulesByModuleId', '通过模块id查询模块信息', '[[190,188,187,189,198,215,216,214]]', '2018-06-15', '4ms', 'ok', NULL),
	(1857, 'root', 'role', 'selectModulesByModuleId', '通过模块id查询模块信息', '[[190,188,187,189,198,215,216,214]]', '2018-06-15', '4ms', 'ok', NULL),
	(1858, 'root', 'role', 'selectModulesByModuleId', '通过模块id查询模块信息', '[[190,188,187,189,198,215,216,214]]', '2018-06-15', '4ms', 'ok', NULL),
	(1859, 'root', 'role', 'selectModulesByModuleId', '通过模块id查询模块信息', '[[190,188,187,189,198,215,216,214]]', '2018-06-15', '4ms', 'ok', NULL),
	(1860, 'root', 'role', 'selectModulesByModuleId', '通过模块id查询模块信息', '[[190,188,187,189,198,215,216,214]]', '2018-06-15', '4ms', 'ok', NULL),
	(1861, 'root', 'role', 'selectModulesByModuleId', '通过模块id查询模块信息', '[[190,188,187,189,198,215,216,214]]', '2018-06-15', '3ms', 'ok', NULL),
	(1862, 'root', 'role', 'selectModulesByModuleId', '通过模块id查询模块信息', '[[190,188,187,189,198,215,216,214]]', '2018-06-15', '4ms', 'ok', NULL),
	(1863, 'root', 'role', 'selectModulesByModuleId', '通过模块id查询模块信息', '[[190,188,187,189,198,215,216,214]]', '2018-06-15', '4ms', 'ok', NULL),
	(1864, 'root', 'role', 'selectModulesByModuleId', '通过模块id查询模块信息', '[[190,188,187,189,198,215,216,214]]', '2018-06-15', '4ms', 'ok', NULL),
	(1865, 'root', 'role', 'selectModulesByModuleId', '通过模块id查询模块信息', '[[190,188,187,189,198,215,216,214]]', '2018-06-15', '4ms', 'ok', NULL),
	(1866, 'root', 'role', 'selectModulesByModuleId', '通过模块id查询模块信息', '[[190,188,187,189,198,215,216,214]]', '2018-06-15', '3ms', 'ok', NULL),
	(1867, 'root', 'role', 'selectModulesByModuleId', '通过模块id查询模块信息', '[[190,188,187,189,198,215,216,214]]', '2018-06-15', '2ms', 'ok', NULL),
	(1868, 'root', 'role', 'selectModulesByModuleId', '通过模块id查询模块信息', '[[190,188,187,189,198,215,216,214]]', '2018-06-15', '3ms', 'ok', NULL),
	(1869, 'root', 'role', 'selectModulesByModuleId', '通过模块id查询模块信息', '[[190,188,187,189,198,215,216,214]]', '2018-06-15', '4ms', 'ok', NULL),
	(1870, 'root', 'role', 'selectModulesByModuleId', '通过模块id查询模块信息', '[[190,188,187,189,198,215,216,214]]', '2018-06-15', '3ms', 'ok', NULL),
	(1871, 'root', 'role', 'selectModulesByModuleId', '通过模块id查询模块信息', '[[190,188,187,189,198,215,216,214]]', '2018-06-15', '4ms', 'ok', NULL),
	(1872, 'root', 'role', 'selectModulesByModuleId', '通过模块id查询模块信息', '[[190,188,187,189,198,215,216,214]]', '2018-06-15', '4ms', 'ok', NULL),
	(1873, 'root', 'role', 'selectModulesByModuleId', '通过模块id查询模块信息', '[[190,188,187,189,198,215,216,214]]', '2018-06-15', '3ms', 'ok', NULL),
	(1874, 'root', 'role', 'selectModulesByModuleId', '通过模块id查询模块信息', '[[190,188,187,189,198,215,216,214]]', '2018-06-15', '3ms', 'ok', NULL),
	(1875, 'root', 'role', 'selectModulesByModuleId', '通过模块id查询模块信息', '[[190,188,187,189,198,215,216,214]]', '2018-06-15', '3ms', 'ok', NULL),
	(1876, 'root', 'role', 'selectModulesByModuleId', '通过模块id查询模块信息', '[[190,188,187,189,198,215,216,214]]', '2018-06-15', '3ms', 'ok', NULL),
	(1877, 'root', 'role', 'selectModulesByModuleId', '通过模块id查询模块信息', '[[190,188,187,189,198,215,216,214]]', '2018-06-15', '4ms', 'ok', NULL),
	(1878, 'root', 'role', 'selectModulesByModuleId', '通过模块id查询模块信息', '[[190,188,187,189,198,215,216,214]]', '2018-06-15', '4ms', 'ok', NULL),
	(1879, 'root', 'role', 'selectModulesByModuleId', '通过模块id查询模块信息', '[[190,188,187,189,198,215,216,214]]', '2018-06-15', '6ms', 'ok', NULL),
	(1880, 'root', 'role', 'selectModulesByModuleId', '通过模块id查询模块信息', '[[190,188,187,189,198,215,216,214]]', '2018-06-15', '3ms', 'ok', NULL),
	(1881, 'root', 'role', 'selectModulesByModuleId', '通过模块id查询模块信息', '[[190,188,187,189,198,215,216,214]]', '2018-06-15', '2ms', 'ok', NULL),
	(1882, 'root', 'role', 'selectModulesByModuleId', '通过模块id查询模块信息', '[[190,188,187,189,198,215,216,214]]', '2018-06-15', '4ms', 'ok', NULL),
	(1883, 'root', 'role', 'selectModulesByModuleId', '通过模块id查询模块信息', '[[190,188,187,189,198,215,216,214]]', '2018-06-15', '3ms', 'ok', NULL),
	(1884, 'root', 'role', 'selectModulesByModuleId', '通过模块id查询模块信息', '[[190,188,187,189,198,215,216,214]]', '2018-06-15', '3ms', 'ok', NULL),
	(1885, 'root', 'role', 'selectModulesByModuleId', '通过模块id查询模块信息', '[[190,188,187,189,198,215,216,214]]', '2018-06-15', '3ms', 'ok', NULL),
	(1886, 'root', 'role', 'selectModulesByModuleId', '通过模块id查询模块信息', '[[190,188,187,189,198,215,216,214]]', '2018-06-15', '9ms', 'ok', NULL),
	(1887, 'root', 'role', 'selectModulesByModuleId', '通过模块id查询模块信息', '[[190,188,187,189,198,215,216,214]]', '2018-06-15', '4ms', 'ok', NULL),
	(1888, 'root', 'role', 'selectModulesByModuleId', '通过模块id查询模块信息', '[[190,188,187,189,198,215,216,214]]', '2018-06-15', '5ms', 'ok', NULL),
	(1889, 'root', 'role', 'selectModulesByModuleId', '通过模块id查询模块信息', '[[190,188,187,189,198,215,216,214]]', '2018-06-15', '3ms', 'ok', NULL),
	(1890, 'root', 'role', 'selectModulesByModuleId', '通过模块id查询模块信息', '[[190,188,187,189,198,215,216,214]]', '2018-06-15', '3ms', 'ok', NULL),
	(1891, 'root', 'role', 'selectModulesByModuleId', '通过模块id查询模块信息', '[[190,188,187,189,198,215,216,214]]', '2018-06-15', '3ms', 'ok', NULL),
	(1892, 'root', 'role', 'selectModulesByModuleId', '通过模块id查询模块信息', '[[190,188,187,189,198,215,216,214]]', '2018-06-15', '3ms', 'ok', NULL),
	(1893, 'root', 'role', 'selectModulesByModuleId', '通过模块id查询模块信息', '[[190,188,187,189,198,215,216,214]]', '2018-06-15', '3ms', 'ok', NULL),
	(1894, 'root', 'role', 'selectModulesByModuleId', '通过模块id查询模块信息', '[[190,188,187,189,198,215,216,214]]', '2018-06-15', '2ms', 'ok', NULL),
	(1895, 'root', 'role', 'selectModulesByModuleId', '通过模块id查询模块信息', '[[190,188,187,189,198,215,216,214]]', '2018-06-15', '3ms', 'ok', NULL),
	(1896, 'root', 'role', 'selectModulesByModuleId', '通过模块id查询模块信息', '[[190,188,187,189,198,215,216,214]]', '2018-06-15', '4ms', 'ok', NULL),
	(1897, 'root', 'role', 'selectModulesByModuleId', '通过模块id查询模块信息', '[[190,188,187,189,198,215,216,214]]', '2018-06-15', '3ms', 'ok', NULL),
	(1898, 'root', 'role', 'selectModulesByModuleId', '通过模块id查询模块信息', '[[190,188,187,189,198,215,216,214]]', '2018-06-15', '1629ms', 'ok', NULL),
	(1899, 'root', 'role', 'selectModulesByModuleId', '通过模块id查询模块信息', '[[190,188,187,189,198,215,216,214]]', '2018-06-15', '11ms', 'ok', NULL),
	(1900, 'root', 'role', 'selectModulesByModuleId', '通过模块id查询模块信息', '[[190,188,187,189,198,215,216,214]]', '2018-06-15', '1481ms', 'ok', NULL),
	(1901, 'root', 'role', 'selectModulesByModuleId', '通过模块id查询模块信息', '[[190,188,187,189,198,215,216,214]]', '2018-06-15', '10ms', 'ok', NULL),
	(1902, 'root', 'role', 'selectModulesByModuleId', '通过模块id查询模块信息', '[[190,188,187,189,198,215,216,214]]', '2018-06-15', '6ms', 'ok', NULL),
	(1903, 'root', 'role', 'selectUserByNameAndPassWord', '用户登录系统，根据用户名和密码来查询该用户是否存在', '["ls","123456"]', '2018-06-16', '1201ms', 'ok', NULL),
	(1904, 'root', 'role', 'selectRoleIdByUserId', '根据用户id来查询到此用户具有的所有的角色id', '[13]', '2018-06-16', '22ms', 'ok', NULL),
	(1905, 'root', 'role', 'selectRoleByUserId', '通过用户id查询角色信息', '[13]', '2018-06-16', '672ms', 'no', '### Error querying database.  Cause: java.sql.SQLException: Subquery returns more than 1 row\r\n### The error may exist in file [D:\\newjava\\CRM_02\\ssmJava\\target\\ssmJava\\WEB-INF\\classes\\mapper\\RoleMapper.xml]\r\n### The error may involve defaultParameterMap\r\n### The error occurred while setting parameters\r\n### SQL: select Name from roles where Id= (select RoleId from userroles where UserId = ?)\r\n### Cause: java.sql.SQLException: Subquery returns more than 1 row\n; bad SQL grammar []; nested exception is java.sql.SQLException: Subquery returns more than 1 row'),
	(1906, 'root', 'role', 'selectModuleIdByRolesId', '根据角色的id来查询到所对应的各个模块id', '[13]', '2018-06-16', '40ms', 'ok', NULL),
	(1907, 'root', 'role', 'selectPermissionByUserId', '通过用户id查找用户所有权限', '[13]', '2018-06-16', '27ms', 'ok', NULL),
	(1908, 'root', 'role', 'selectModulesByModuleId', '通过模块id查询模块信息', '[[190,188,187,189,198,215,216,214]]', '2018-06-16', '16ms', 'ok', NULL),
	(1909, 'root', 'role', 'selectModulesByModuleId', '通过模块id查询模块信息', '[[190,188,187,189,198,215,216,214]]', '2018-06-16', '1176ms', 'ok', NULL),
	(1910, 'root', 'role', 'selectModulesByModuleId', '通过模块id查询模块信息', '[[190,188,187,189,198,215,216,214]]', '2018-06-16', '8ms', 'ok', NULL),
	(1911, 'root', 'role', 'selectAllUser', '查看所有用户列表', '[1,10]', '2018-06-16', '35ms', 'ok', NULL),
	(1912, 'root', 'role', 'selectUserByNameOrLock', '检索用户信息', '["ls","是"]', '2018-06-16', '24ms', 'ok', NULL),
	(1913, 'root', 'role', 'selectUserByNameOrLock', '检索用户信息', '["","是"]', '2018-06-16', '9ms', 'ok', NULL),
	(1914, 'root', 'role', 'selectUserByNameOrLock', '检索用户信息', '["111","是"]', '2018-06-16', '7ms', 'ok', NULL),
	(1915, 'root', 'role', 'selectModulesByModuleId', '通过模块id查询模块信息', '[[190,188,187,189,198,215,216,214]]', '2018-06-16', '6ms', 'ok', NULL),
	(1916, 'root', 'role', 'selectAllUser', '查看所有用户列表', '[1,10]', '2018-06-16', '17ms', 'ok', NULL),
	(1917, 'root', 'role', 'selectUserByNameOrLock', '检索用户信息', '["111","是"]', '2018-06-16', '7ms', 'ok', NULL),
	(1918, 'root', 'role', 'selectModulesByModuleId', '通过模块id查询模块信息', '[[190,188,187,189,198,215,216,214]]', '2018-06-16', '5ms', 'ok', NULL),
	(1919, 'root', 'role', 'selectUserByNameAndPassWord', '用户登录系统，根据用户名和密码来查询该用户是否存在', '["ls","123456"]', '2018-06-16', '1044ms', 'ok', NULL),
	(1920, 'root', 'role', 'selectRoleIdByUserId', '根据用户id来查询到此用户具有的所有的角色id', '[13]', '2018-06-16', '27ms', 'ok', NULL),
	(1921, 'root', 'role', 'selectRoleByUserId', '通过用户id查询角色信息', '[13]', '2018-06-16', '376ms', 'no', '### Error querying database.  Cause: java.sql.SQLException: Subquery returns more than 1 row\r\n### The error may exist in file [D:\\newjava\\CRM_02\\ssmJava\\target\\ssmJava\\WEB-INF\\classes\\mapper\\RoleMapper.xml]\r\n### The error may involve defaultParameterMap\r\n### The error occurred while setting parameters\r\n### SQL: select Name from roles where Id= (select RoleId from userroles where UserId = ?)\r\n### Cause: java.sql.SQLException: Subquery returns more than 1 row\n; bad SQL grammar []; nested exception is java.sql.SQLException: Subquery returns more than 1 row'),
	(1922, 'root', 'role', 'selectModuleIdByRolesId', '根据角色的id来查询到所对应的各个模块id', '[13]', '2018-06-16', '22ms', 'ok', NULL),
	(1923, 'root', 'role', 'selectPermissionByUserId', '通过用户id查找用户所有权限', '[13]', '2018-06-16', '20ms', 'ok', NULL),
	(1924, 'root', 'role', 'selectModulesByModuleId', '通过模块id查询模块信息', '[[190,188,187,189,198,215,216,214]]', '2018-06-16', '12ms', 'ok', NULL),
	(1925, 'root', 'role', 'selectModulesByModuleId', '通过模块id查询模块信息', '[[190,188,187,189,198,215,216,214]]', '2018-06-16', '8ms', 'ok', NULL),
	(1926, 'root', 'role', 'selectModulesByModuleId', '通过模块id查询模块信息', '[[190,188,187,189,198,215,216,214]]', '2018-06-16', '1256ms', 'ok', NULL),
	(1927, 'root', 'role', 'selectModulesByModuleId', '通过模块id查询模块信息', '[[190,188,187,189,198,215,216,214]]', '2018-06-16', '9ms', 'ok', NULL),
	(1928, 'root', 'role', 'selectModulesByModuleId', '通过模块id查询模块信息', '[[190,188,187,189,198,215,216,214]]', '2018-06-16', '6ms', 'ok', NULL),
	(1929, 'root', 'role', 'selectModulesByModuleId', '通过模块id查询模块信息', '[[190,188,187,189,198,215,216,214]]', '2018-06-16', '6ms', 'ok', NULL),
	(1930, 'root', 'role', 'selectModulesByModuleId', '通过模块id查询模块信息', '[[190,188,187,189,198,215,216,214]]', '2018-06-16', '5ms', 'ok', NULL),
	(1931, 'root', 'role', 'selectModulesByModuleId', '通过模块id查询模块信息', '[[190,188,187,189,198,215,216,214]]', '2018-06-16', '7ms', 'ok', NULL),
	(1932, 'root', 'role', 'selectModulesByModuleId', '通过模块id查询模块信息', '[[190,188,187,189,198,215,216,214]]', '2018-06-16', '5ms', 'ok', NULL),
	(1933, 'root', 'role', 'selectModulesByModuleId', '通过模块id查询模块信息', '[[190,188,187,189,198,215,216,214]]', '2018-06-16', '5ms', 'ok', NULL),
	(1934, 'root', 'role', 'selectUserByNameAndPassWord', '用户登录系统，根据用户名和密码来查询该用户是否存在', '["ls","123456"]', '2018-06-16', '1127ms', 'ok', NULL),
	(1935, 'root', 'role', 'selectRoleIdByUserId', '根据用户id来查询到此用户具有的所有的角色id', '[13]', '2018-06-16', '35ms', 'ok', NULL),
	(1936, 'root', 'role', 'selectRoleByUserId', '通过用户id查询角色信息', '[13]', '2018-06-16', '423ms', 'no', '### Error querying database.  Cause: java.sql.SQLException: Subquery returns more than 1 row\r\n### The error may exist in file [D:\\newjava\\CRM_02\\ssmJava\\target\\ssmJava\\WEB-INF\\classes\\mapper\\RoleMapper.xml]\r\n### The error may involve defaultParameterMap\r\n### The error occurred while setting parameters\r\n### SQL: select Name from roles where Id= (select RoleId from userroles where UserId = ?)\r\n### Cause: java.sql.SQLException: Subquery returns more than 1 row\n; bad SQL grammar []; nested exception is java.sql.SQLException: Subquery returns more than 1 row'),
	(1937, 'root', 'role', 'selectModuleIdByRolesId', '根据角色的id来查询到所对应的各个模块id', '[13]', '2018-06-16', '19ms', 'ok', NULL),
	(1938, 'root', 'role', 'selectPermissionByUserId', '通过用户id查找用户所有权限', '[13]', '2018-06-16', '22ms', 'ok', NULL),
	(1939, 'root', 'role', 'selectModulesByModuleId', '通过模块id查询模块信息', '[[190,188,187,189,198,215,216,214]]', '2018-06-16', '12ms', 'ok', NULL),
	(1940, 'root', 'role', 'selectModulesByModuleId', '通过模块id查询模块信息', '[[190,188,187,189,198,215,216,214]]', '2018-06-16', '9ms', 'ok', NULL),
	(1941, 'root', 'role', 'selectModulesByModuleId', '通过模块id查询模块信息', '[[190,188,187,189,198,215,216,214]]', '2018-06-16', '1524ms', 'ok', NULL),
	(1942, 'root', 'role', 'selectModulesByModuleId', '通过模块id查询模块信息', '[[190,188,187,189,198,215,216,214]]', '2018-06-16', '1144ms', 'ok', NULL),
	(1943, 'root', 'role', 'selectModulesByModuleId', '通过模块id查询模块信息', '[[190,188,187,189,198,215,216,214]]', '2018-06-16', '1263ms', 'ok', NULL),
	(1944, 'root', 'role', 'selectModulesByModuleId', '通过模块id查询模块信息', '[[190,188,187,189,198,215,216,214]]', '2018-06-16', '10ms', 'ok', NULL),
	(1945, 'root', 'role', 'selectModulesByModuleId', '通过模块id查询模块信息', '[[190,188,187,189,198,215,216,214]]', '2018-06-16', '131ms', 'ok', NULL),
	(1946, 'root', 'role', 'selectModulesByModuleId', '通过模块id查询模块信息', '[[190,188,187,189,198,215,216,214]]', '2018-06-16', '10ms', 'ok', NULL),
	(1947, 'root', 'role', 'selectModulesByModuleId', '通过模块id查询模块信息', '[[190,188,187,189,198,215,216,214]]', '2018-06-16', '1538ms', 'ok', NULL),
	(1948, 'root', 'role', 'selectModulesByModuleId', '通过模块id查询模块信息', '[[190,188,187,189,198,215,216,214]]', '2018-06-16', '1460ms', 'ok', NULL),
	(1949, 'root', 'role', 'selectModulesByModuleId', '通过模块id查询模块信息', '[[190,188,187,189,198,215,216,214]]', '2018-06-16', '966ms', 'ok', NULL),
	(1950, 'root', 'role', 'selectModulesByModuleId', '通过模块id查询模块信息', '[[190,188,187,189,198,215,216,214]]', '2018-06-16', '1294ms', 'ok', NULL),
	(1951, 'root', 'role', 'selectModulesByModuleId', '通过模块id查询模块信息', '[[190,188,187,189,198,215,216,214]]', '2018-06-16', '1152ms', 'ok', NULL),
	(1952, 'root', 'role', 'selectAllUser', '查看所有用户列表', '[1,10]', '2018-06-16', '44ms', 'ok', NULL),
	(1953, 'root', 'role', 'selectUserByNameOrLock', '检索用户信息', '["111","是"]', '2018-06-16', '13ms', 'ok', NULL),
	(1954, 'root', 'role', 'selectModulesByModuleId', '通过模块id查询模块信息', '[[190,188,187,189,198,215,216,214]]', '2018-06-16', '1105ms', 'ok', NULL),
	(1955, 'root', 'role', 'selectModulesByModuleId', '通过模块id查询模块信息', '[[190,188,187,189,198,215,216,214]]', '2018-06-16', '1710ms', 'ok', NULL),
	(1956, 'root', 'role', 'selectModulesByModuleId', '通过模块id查询模块信息', '[[190,188,187,189,198,215,216,214]]', '2018-06-16', '1211ms', 'ok', NULL),
	(1957, 'root', 'role', 'selectModulesByModuleId', '通过模块id查询模块信息', '[[190,188,187,189,198,215,216,214]]', '2018-06-16', '1437ms', 'ok', NULL),
	(1958, 'root', 'role', 'selectModulesByModuleId', '通过模块id查询模块信息', '[[190,188,187,189,198,215,216,214]]', '2018-06-16', '1721ms', 'ok', NULL),
	(1959, 'root', 'role', 'selectModulesByModuleId', '通过模块id查询模块信息', '[[190,188,187,189,198,215,216,214]]', '2018-06-16', '1257ms', 'ok', NULL),
	(1960, 'root', 'role', 'selectModulesByModuleId', '通过模块id查询模块信息', '[[190,188,187,189,198,215,216,214]]', '2018-06-16', '7ms', 'ok', NULL),
	(1961, 'root', 'role', 'selectModulesByModuleId', '通过模块id查询模块信息', '[[190,188,187,189,198,215,216,214]]', '2018-06-16', '1403ms', 'ok', NULL),
	(1962, 'root', 'role', 'selectModulesByModuleId', '通过模块id查询模块信息', '[[190,188,187,189,198,215,216,214]]', '2018-06-16', '1130ms', 'ok', NULL),
	(1963, 'root', 'role', 'selectModulesByModuleId', '通过模块id查询模块信息', '[[190,188,187,189,198,215,216,214]]', '2018-06-16', '1335ms', 'ok', NULL),
	(1964, 'root', 'role', 'selectModulesByModuleId', '通过模块id查询模块信息', '[[190,188,187,189,198,215,216,214]]', '2018-06-16', '1239ms', 'ok', NULL),
	(1965, 'root', 'role', 'selectModulesByModuleId', '通过模块id查询模块信息', '[[190,188,187,189,198,215,216,214]]', '2018-06-16', '1299ms', 'ok', NULL),
	(1966, 'root', 'role', 'selectUserByNameAndPassWord', '用户登录系统，根据用户名和密码来查询该用户是否存在', '["ls","123456"]', '2018-06-17', '1557ms', 'ok', NULL),
	(1967, 'root', 'role', 'selectRoleIdByUserId', '根据用户id来查询到此用户具有的所有的角色id', '[13]', '2018-06-17', '19ms', 'ok', NULL),
	(1968, 'root', 'role', 'selectRoleByUserId', '通过用户id查询角色信息', '[13]', '2018-06-17', '1374ms', 'no', '### Error querying database.  Cause: java.sql.SQLException: Subquery returns more than 1 row\r\n### The error may exist in file [D:\\newjava\\CRM_02\\ssmJava\\target\\ssmJava\\WEB-INF\\classes\\mapper\\RoleMapper.xml]\r\n### The error may involve defaultParameterMap\r\n### The error occurred while setting parameters\r\n### SQL: select Name from roles where Id= (select RoleId from userroles where UserId = ?)\r\n### Cause: java.sql.SQLException: Subquery returns more than 1 row\n; bad SQL grammar []; nested exception is java.sql.SQLException: Subquery returns more than 1 row'),
	(1969, 'root', 'role', 'selectModuleIdByRolesId', '根据角色的id来查询到所对应的各个模块id', '[13]', '2018-06-17', '27ms', 'ok', NULL),
	(1970, 'root', 'role', 'selectPermissionByUserId', '通过用户id查找用户所有权限', '[13]', '2018-06-17', '121ms', 'ok', NULL),
	(1971, 'root', 'role', 'selectModulesByModuleId', '通过模块id查询模块信息', '[[190,188,187,189,198,215,216,214]]', '2018-06-17', '12ms', 'ok', NULL),
	(1972, 'root', 'role', 'selectModulesByModuleId', '通过模块id查询模块信息', '[[190,188,187,189,198,215,216,214]]', '2018-06-17', '110ms', 'ok', NULL),
	(1973, 'root', 'role', 'selectAllUser', '查看所有用户列表', '[1,10]', '2018-06-17', '37ms', 'ok', NULL),
	(1974, 'root', 'role', 'selectAll', '查询所有的角色操作', '[1,10]', '2018-06-17', '31ms', 'ok', NULL),
	(1975, 'root', 'role', 'selectAllUser', '查看所有用户列表', '[1,10]', '2018-06-17', '16ms', 'ok', NULL),
	(1976, 'root', 'role', 'selectAllUser', '查看所有用户列表', '[1,10]', '2018-06-17', '7ms', 'ok', NULL),
	(1977, 'root', 'role', 'selectAllUser', '查看所有用户列表', '[1,10]', '2018-06-17', '6ms', 'ok', NULL),
	(1978, 'root', 'role', 'selectAllUser', '查看所有用户列表', '[1,10]', '2018-06-17', '1060ms', 'ok', NULL),
	(1979, 'root', 'role', 'selectAllUser', '查看所有用户列表', '[1,10]', '2018-06-17', '16ms', 'ok', NULL),
	(1980, 'root', 'role', 'selectAllUser', '查看所有用户列表', '[1,10]', '2018-06-17', '12ms', 'ok', NULL),
	(1981, 'root', 'role', 'selectAllUser', '查看所有用户列表', '[1,10]', '2018-06-17', '12ms', 'ok', NULL),
	(1982, 'root', 'role', 'selectAllUser', '查看所有用户列表', '[1,10]', '2018-06-17', '1043ms', 'ok', NULL),
	(1983, 'root', 'role', 'selectAllUser', '查看所有用户列表', '[1,10]', '2018-06-17', '25ms', 'ok', NULL),
	(1984, 'root', 'role', 'selectAllUser', '查看所有用户列表', '[1,10]', '2018-06-17', '12ms', 'ok', NULL),
	(1985, 'root', 'role', 'selectAllUser', '查看所有用户列表', '[1,10]', '2018-06-17', '12ms', 'ok', NULL),
	(1986, 'root', 'role', 'selectAllUser', '查看所有用户列表', '[1,10]', '2018-06-17', '9ms', 'ok', NULL),
	(1987, 'root', 'role', 'selectAllUser', '查看所有用户列表', '[1,10]', '2018-06-17', '15ms', 'ok', NULL),
	(1988, 'root', 'role', 'insertAddUser', '添加用户', '["www","123456","110@qq.com","15244586966"]', '2018-06-17', '827ms', 'ok', NULL),
	(1989, 'root', 'role', 'selectAllUser', '查看所有用户列表', '[1,10]', '2018-06-17', '149ms', 'ok', NULL),
	(1990, 'root', 'role', 'selectAllUser', '查看所有用户列表', '[2,10]', '2018-06-17', '10ms', 'ok', NULL),
	(1991, 'root', 'role', 'selectUserByNameAndPassWord', '用户登录系统，根据用户名和密码来查询该用户是否存在', '["www","774636e01ff9125c14096bea8d08e2dd"]', '2018-06-17', '7ms', 'ok', NULL),
	(1992, 'root', 'role', 'selectRoleIdByUserId', '根据用户id来查询到此用户具有的所有的角色id', '[28]', '2018-06-17', '21ms', 'ok', NULL),
	(1993, 'root', 'role', 'selectRoleByUserId', '通过用户id查询角色信息', '[28]', '2018-06-17', '4ms', 'ok', NULL),
	(1994, 'root', 'role', 'selectModuleIdByRolesId', '根据角色的id来查询到所对应的各个模块id', '[28]', '2018-06-17', '19ms', 'ok', NULL),
	(1995, 'root', 'role', 'selectPermissionByUserId', '通过用户id查找用户所有权限', '[28]', '2018-06-17', '16ms', 'ok', NULL),
	(1996, 'root', 'role', 'selectModulesByModuleId', '通过模块id查询模块信息', '[[]]', '2018-06-17', '272ms', 'no', '### Error querying database.  Cause: com.mysql.jdbc.exceptions.jdbc4.MySQLSyntaxErrorException: You have an error in your SQL syntax; check the manual that corresponds to your MySQL server version for the right syntax to use near \'\' at line 1\r\n### The error may exist in file [D:\\newjava\\CRM_02\\ssmJava\\target\\ssmJava\\WEB-INF\\classes\\mapper\\ModuleMapper.xml]\r\n### The error may involve com.ssm.dao.ModuleMapper.selectModulesByModuleId-Inline\r\n### The error occurred while setting parameters\r\n### SQL: select * from modules where Id in\r\n### Cause: com.mysql.jdbc.exceptions.jdbc4.MySQLSyntaxErrorException: You have an error in your SQL syntax; check the manual that corresponds to your MySQL server version for the right syntax to use near \'\' at line 1\n; bad SQL grammar []; nested exception is com.mysql.jdbc.exceptions.jdbc4.MySQLSyntaxErrorException: You have an error in your SQL syntax; check the manual that corresponds to your MySQL server version for the right syntax to use near \'\' at line 1'),
	(1997, 'root', 'role', 'updateLoginIP', '记录上次登陆IP', '["127.0.0.1","sun"]', '2018-06-17', '1146ms', 'no', '### Error updating database.  Cause: com.mysql.jdbc.exceptions.jdbc4.MySQLSyntaxErrorException: Table \'ssmtest.user\' doesn\'t exist\r\n### The error may involve com.ssm.dao.UserMapper.updateLoginIP-Inline\r\n### The error occurred while setting parameters\r\n### SQL: update  user set LastLoginIP=? where LoginName=?\r\n### Cause: com.mysql.jdbc.exceptions.jdbc4.MySQLSyntaxErrorException: Table \'ssmtest.user\' doesn\'t exist\n; bad SQL grammar []; nested exception is com.mysql.jdbc.exceptions.jdbc4.MySQLSyntaxErrorException: Table \'ssmtest.user\' doesn\'t exist'),
	(1998, 'root', 'role', 'updateLoginIP', '记录上次登陆IP', '["127.0.0.1","sun"]', '2018-06-17', '69ms', 'no', '### Error updating database.  Cause: com.mysql.jdbc.exceptions.jdbc4.MySQLSyntaxErrorException: Table \'ssmtest.user\' doesn\'t exist\r\n### The error may involve com.ssm.dao.UserMapper.updateLoginIP-Inline\r\n### The error occurred while setting parameters\r\n### SQL: update  user set LastLoginIP=? where LoginName=?\r\n### Cause: com.mysql.jdbc.exceptions.jdbc4.MySQLSyntaxErrorException: Table \'ssmtest.user\' doesn\'t exist\n; bad SQL grammar []; nested exception is com.mysql.jdbc.exceptions.jdbc4.MySQLSyntaxErrorException: Table \'ssmtest.user\' doesn\'t exist'),
	(1999, 'root', 'role', 'updateLoginIP', '记录上次登陆IP', '["127.0.0.1","sun"]', '2018-06-17', '949ms', 'ok', NULL),
	(2000, 'root', 'role', 'selectUserByNameAndPassWord', '用户登录系统，根据用户名和密码来查询该用户是否存在', '["sun","774636e01ff9125c14096bea8d08e2dd"]', '2018-06-17', '48ms', 'ok', NULL),
	(2001, 'root', 'role', 'selectRoleIdByUserId', '根据用户id来查询到此用户具有的所有的角色id', '[17]', '2018-06-17', '22ms', 'ok', NULL),
	(2002, 'root', 'role', 'selectRoleByUserId', '通过用户id查询角色信息', '[17]', '2018-06-17', '0ms', 'ok', NULL),
	(2003, 'root', 'role', 'selectModuleIdByRolesId', '根据角色的id来查询到所对应的各个模块id', '[17]', '2018-06-17', '18ms', 'ok', NULL),
	(2004, 'root', 'role', 'selectPermissionByUserId', '通过用户id查找用户所有权限', '[17]', '2018-06-17', '20ms', 'ok', NULL),
	(2005, 'root', 'role', 'selectModulesByModuleId', '通过模块id查询模块信息', '[[]]', '2018-06-17', '203ms', 'no', '### Error querying database.  Cause: com.mysql.jdbc.exceptions.jdbc4.MySQLSyntaxErrorException: You have an error in your SQL syntax; check the manual that corresponds to your MySQL server version for the right syntax to use near \'\' at line 1\r\n### The error may exist in file [D:\\newjava\\CRM_02\\ssmJava\\target\\ssmJava\\WEB-INF\\classes\\mapper\\ModuleMapper.xml]\r\n### The error may involve com.ssm.dao.ModuleMapper.selectModulesByModuleId-Inline\r\n### The error occurred while setting parameters\r\n### SQL: select * from modules where Id in\r\n### Cause: com.mysql.jdbc.exceptions.jdbc4.MySQLSyntaxErrorException: You have an error in your SQL syntax; check the manual that corresponds to your MySQL server version for the right syntax to use near \'\' at line 1\n; bad SQL grammar []; nested exception is com.mysql.jdbc.exceptions.jdbc4.MySQLSyntaxErrorException: You have an error in your SQL syntax; check the manual that corresponds to your MySQL server version for the right syntax to use near \'\' at line 1'),
	(2006, 'root', 'role', 'updateLoginIP', '记录上次登陆IP', '["127.0.0.1","ls"]', '2018-06-17', '3ms', 'ok', NULL),
	(2007, 'root', 'role', 'selectUserByNameAndPassWord', '用户登录系统，根据用户名和密码来查询该用户是否存在', '["ls","774636e01ff9125c14096bea8d08e2dd"]', '2018-06-17', '6ms', 'ok', NULL),
	(2008, 'root', 'role', 'selectRoleIdByUserId', '根据用户id来查询到此用户具有的所有的角色id', '[13]', '2018-06-17', '5ms', 'ok', NULL),
	(2009, 'root', 'role', 'selectRoleByUserId', '通过用户id查询角色信息', '[13]', '2018-06-17', '82ms', 'no', '### Error querying database.  Cause: java.sql.SQLException: Subquery returns more than 1 row\r\n### The error may exist in file [D:\\newjava\\CRM_02\\ssmJava\\target\\ssmJava\\WEB-INF\\classes\\mapper\\RoleMapper.xml]\r\n### The error may involve defaultParameterMap\r\n### The error occurred while setting parameters\r\n### SQL: select Name from roles where Id= (select RoleId from userroles where UserId = ?)\r\n### Cause: java.sql.SQLException: Subquery returns more than 1 row\n; bad SQL grammar []; nested exception is java.sql.SQLException: Subquery returns more than 1 row'),
	(2010, 'root', 'role', 'selectModuleIdByRolesId', '根据角色的id来查询到所对应的各个模块id', '[13]', '2018-06-17', '9ms', 'ok', NULL),
	(2011, 'root', 'role', 'selectPermissionByUserId', '通过用户id查找用户所有权限', '[13]', '2018-06-17', '7ms', 'ok', NULL),
	(2012, 'root', 'role', 'selectModulesByModuleId', '通过模块id查询模块信息', '[[190,188,187,189,198,215,216,214]]', '2018-06-17', '14ms', 'ok', NULL),
	(2013, 'root', 'role', 'selectAllUser', '查看所有用户列表', '[1,10]', '2018-06-17', '90ms', 'ok', NULL),
	(2014, 'root', 'role', 'updateLoginIP', '记录上次登陆IP', '["127.0.0.1","sun"]', '2018-06-17', '722ms', 'ok', NULL),
	(2015, 'root', 'role', 'selectUserByNameAndPassWord', '用户登录系统，根据用户名和密码来查询该用户是否存在', '["sun","774636e01ff9125c14096bea8d08e2dd"]', '2018-06-17', '49ms', 'ok', NULL),
	(2016, 'root', 'role', 'selectRoleIdByUserId', '根据用户id来查询到此用户具有的所有的角色id', '[17]', '2018-06-17', '25ms', 'ok', NULL),
	(2017, 'root', 'role', 'selectRoleByUserId', '通过用户id查询角色信息', '[17]', '2018-06-17', '6ms', 'ok', NULL),
	(2018, 'root', 'role', 'selectModuleIdByRolesId', '根据角色的id来查询到所对应的各个模块id', '[17]', '2018-06-17', '18ms', 'ok', NULL),
	(2019, 'root', 'role', 'selectPermissionByUserId', '通过用户id查找用户所有权限', '[17]', '2018-06-17', '10ms', 'ok', NULL),
	(2020, 'root', 'role', 'selectModulesByModuleId', '通过模块id查询模块信息', '[[]]', '2018-06-17', '322ms', 'no', '### Error querying database.  Cause: com.mysql.jdbc.exceptions.jdbc4.MySQLSyntaxErrorException: You have an error in your SQL syntax; check the manual that corresponds to your MySQL server version for the right syntax to use near \'\' at line 1\r\n### The error may exist in file [D:\\newjava\\CRM_02\\ssmJava\\target\\ssmJava\\WEB-INF\\classes\\mapper\\ModuleMapper.xml]\r\n### The error may involve com.ssm.dao.ModuleMapper.selectModulesByModuleId-Inline\r\n### The error occurred while setting parameters\r\n### SQL: select * from modules where Id in\r\n### Cause: com.mysql.jdbc.exceptions.jdbc4.MySQLSyntaxErrorException: You have an error in your SQL syntax; check the manual that corresponds to your MySQL server version for the right syntax to use near \'\' at line 1\n; bad SQL grammar []; nested exception is com.mysql.jdbc.exceptions.jdbc4.MySQLSyntaxErrorException: You have an error in your SQL syntax; check the manual that corresponds to your MySQL server version for the right syntax to use near \'\' at line 1'),
	(2021, 'root', 'role', 'updateLoginIP', '记录上次登陆IP', '["127.0.0.1","ls"]', '2018-06-17', '4ms', 'ok', NULL),
	(2022, 'root', 'role', 'selectUserByNameAndPassWord', '用户登录系统，根据用户名和密码来查询该用户是否存在', '["ls","774636e01ff9125c14096bea8d08e2dd"]', '2018-06-17', '6ms', 'ok', NULL),
	(2023, 'root', 'role', 'selectRoleIdByUserId', '根据用户id来查询到此用户具有的所有的角色id', '[13]', '2018-06-17', '4ms', 'ok', NULL),
	(2024, 'root', 'role', 'selectRoleByUserId', '通过用户id查询角色信息', '[13]', '2018-06-17', '78ms', 'no', '### Error querying database.  Cause: java.sql.SQLException: Subquery returns more than 1 row\r\n### The error may exist in file [D:\\newjava\\CRM_02\\ssmJava\\target\\ssmJava\\WEB-INF\\classes\\mapper\\RoleMapper.xml]\r\n### The error may involve defaultParameterMap\r\n### The error occurred while setting parameters\r\n### SQL: select Name from roles where Id= (select RoleId from userroles where UserId = ?)\r\n### Cause: java.sql.SQLException: Subquery returns more than 1 row\n; bad SQL grammar []; nested exception is java.sql.SQLException: Subquery returns more than 1 row'),
	(2025, 'root', 'role', 'selectModuleIdByRolesId', '根据角色的id来查询到所对应的各个模块id', '[13]', '2018-06-17', '6ms', 'ok', NULL),
	(2026, 'root', 'role', 'selectPermissionByUserId', '通过用户id查找用户所有权限', '[13]', '2018-06-17', '6ms', 'ok', NULL),
	(2027, 'root', 'role', 'selectModulesByModuleId', '通过模块id查询模块信息', '[[190,188,187,189,198,215,216,214]]', '2018-06-17', '13ms', 'ok', NULL),
	(2028, 'root', 'role', 'selectAllUser', '查看所有用户列表', '[1,10]', '2018-06-17', '88ms', 'ok', NULL),
	(2029, 'root', 'role', 'updateLoginIP', '记录上次登陆IP', '["127.0.0.1","ls"]', '2018-06-17', '918ms', 'ok', NULL),
	(2030, 'root', 'role', 'selectUserByNameAndPassWord', '用户登录系统，根据用户名和密码来查询该用户是否存在', '["ls","774636e01ff9125c14096bea8d08e2dd"]', '2018-06-17', '51ms', 'ok', NULL),
	(2031, 'root', 'role', 'selectRoleIdByUserId', '根据用户id来查询到此用户具有的所有的角色id', '[13]', '2018-06-17', '20ms', 'ok', NULL),
	(2032, 'root', 'role', 'selectRoleByUserId', '通过用户id查询角色信息', '[13]', '2018-06-17', '211ms', 'no', '### Error querying database.  Cause: java.sql.SQLException: Subquery returns more than 1 row\r\n### The error may exist in file [D:\\newjava\\CRM_02\\ssmJava\\target\\ssmJava\\WEB-INF\\classes\\mapper\\RoleMapper.xml]\r\n### The error may involve defaultParameterMap\r\n### The error occurred while setting parameters\r\n### SQL: select Name from roles where Id= (select RoleId from userroles where UserId = ?)\r\n### Cause: java.sql.SQLException: Subquery returns more than 1 row\n; bad SQL grammar []; nested exception is java.sql.SQLException: Subquery returns more than 1 row'),
	(2033, 'root', 'role', 'selectModuleIdByRolesId', '根据角色的id来查询到所对应的各个模块id', '[13]', '2018-06-17', '21ms', 'ok', NULL),
	(2034, 'root', 'role', 'selectPermissionByUserId', '通过用户id查找用户所有权限', '[13]', '2018-06-17', '12ms', 'ok', NULL),
	(2035, 'root', 'role', 'selectModulesByModuleId', '通过模块id查询模块信息', '[[190,188,187,189,198,215,216,214]]', '2018-06-17', '11ms', 'ok', NULL),
	(2036, 'root', 'role', 'selectAllUser', '查看所有用户列表', '[1,10]', '2018-06-17', '101ms', 'ok', NULL),
	(2037, 'root', 'role', 'updateLoginIP', '记录上次登陆IP', '["127.0.0.1","ls"]', '2018-06-17', '4ms', 'ok', NULL),
	(2038, 'root', 'role', 'selectUserByNameAndPassWord', '用户登录系统，根据用户名和密码来查询该用户是否存在', '["ls","774636e01ff9125c14096bea8d08e2dd"]', '2018-06-17', '7ms', 'ok', NULL),
	(2039, 'root', 'role', 'selectRoleIdByUserId', '根据用户id来查询到此用户具有的所有的角色id', '[13]', '2018-06-17', '7ms', 'ok', NULL),
	(2040, 'root', 'role', 'selectRoleByUserId', '通过用户id查询角色信息', '[13]', '2018-06-17', '125ms', 'no', '### Error querying database.  Cause: java.sql.SQLException: Subquery returns more than 1 row\r\n### The error may exist in file [D:\\newjava\\CRM_02\\ssmJava\\target\\ssmJava\\WEB-INF\\classes\\mapper\\RoleMapper.xml]\r\n### The error may involve defaultParameterMap\r\n### The error occurred while setting parameters\r\n### SQL: select Name from roles where Id= (select RoleId from userroles where UserId = ?)\r\n### Cause: java.sql.SQLException: Subquery returns more than 1 row\n; bad SQL grammar []; nested exception is java.sql.SQLException: Subquery returns more than 1 row'),
	(2041, 'root', 'role', 'selectModuleIdByRolesId', '根据角色的id来查询到所对应的各个模块id', '[13]', '2018-06-17', '4ms', 'ok', NULL),
	(2042, 'root', 'role', 'selectPermissionByUserId', '通过用户id查找用户所有权限', '[13]', '2018-06-17', '6ms', 'ok', NULL),
	(2043, 'root', 'role', 'selectModulesByModuleId', '通过模块id查询模块信息', '[[190,188,187,189,198,215,216,214]]', '2018-06-17', '8ms', 'ok', NULL),
	(2044, 'root', 'role', 'selectAllUser', '查看所有用户列表', '[1,10]', '2018-06-17', '12ms', 'ok', NULL),
	(2045, 'root', 'role', 'selectModulesByModuleId', '通过模块id查询模块信息', '[[190,188,187,189,198,215,216,214]]', '2018-06-17', '5ms', 'ok', NULL),
	(2046, 'root', 'role', 'updateLoginIP', '记录上次登陆IP', '["127.0.0.1","sun"]', '2018-06-17', '0ms', 'ok', NULL),
	(2047, 'root', 'role', 'selectUserByNameAndPassWord', '用户登录系统，根据用户名和密码来查询该用户是否存在', '["sun","774636e01ff9125c14096bea8d08e2dd"]', '2018-06-17', '6ms', 'ok', NULL),
	(2048, 'root', 'role', 'selectRoleIdByUserId', '根据用户id来查询到此用户具有的所有的角色id', '[17]', '2018-06-17', '3ms', 'ok', NULL),
	(2049, 'root', 'role', 'selectRoleByUserId', '通过用户id查询角色信息', '[17]', '2018-06-17', '3ms', 'ok', NULL),
	(2050, 'root', 'role', 'selectModuleIdByRolesId', '根据角色的id来查询到所对应的各个模块id', '[17]', '2018-06-17', '3ms', 'ok', NULL),
	(2051, 'root', 'role', 'selectPermissionByUserId', '通过用户id查找用户所有权限', '[17]', '2018-06-17', '4ms', 'ok', NULL),
	(2052, 'root', 'role', 'selectModulesByModuleId', '通过模块id查询模块信息', '[[]]', '2018-06-17', '102ms', 'no', '### Error querying database.  Cause: com.mysql.jdbc.exceptions.jdbc4.MySQLSyntaxErrorException: You have an error in your SQL syntax; check the manual that corresponds to your MySQL server version for the right syntax to use near \'\' at line 1\r\n### The error may exist in file [D:\\newjava\\CRM_02\\ssmJava\\target\\ssmJava\\WEB-INF\\classes\\mapper\\ModuleMapper.xml]\r\n### The error may involve com.ssm.dao.ModuleMapper.selectModulesByModuleId-Inline\r\n### The error occurred while setting parameters\r\n### SQL: select * from modules where Id in\r\n### Cause: com.mysql.jdbc.exceptions.jdbc4.MySQLSyntaxErrorException: You have an error in your SQL syntax; check the manual that corresponds to your MySQL server version for the right syntax to use near \'\' at line 1\n; bad SQL grammar []; nested exception is com.mysql.jdbc.exceptions.jdbc4.MySQLSyntaxErrorException: You have an error in your SQL syntax; check the manual that corresponds to your MySQL server version for the right syntax to use near \'\' at line 1'),
	(2053, 'root', 'role', 'selectAllUser', '查看所有用户列表', '[1,10]', '2018-06-17', '10ms', 'ok', NULL),
	(2054, 'root', 'role', 'selectModulesByModuleId', '通过模块id查询模块信息', '[[]]', '2018-06-17', '72ms', 'no', '### Error querying database.  Cause: com.mysql.jdbc.exceptions.jdbc4.MySQLSyntaxErrorException: You have an error in your SQL syntax; check the manual that corresponds to your MySQL server version for the right syntax to use near \'\' at line 1\r\n### The error may exist in file [D:\\newjava\\CRM_02\\ssmJava\\target\\ssmJava\\WEB-INF\\classes\\mapper\\ModuleMapper.xml]\r\n### The error may involve com.ssm.dao.ModuleMapper.selectModulesByModuleId-Inline\r\n### The error occurred while setting parameters\r\n### SQL: select * from modules where Id in\r\n### Cause: com.mysql.jdbc.exceptions.jdbc4.MySQLSyntaxErrorException: You have an error in your SQL syntax; check the manual that corresponds to your MySQL server version for the right syntax to use near \'\' at line 1\n; bad SQL grammar []; nested exception is com.mysql.jdbc.exceptions.jdbc4.MySQLSyntaxErrorException: You have an error in your SQL syntax; check the manual that corresponds to your MySQL server version for the right syntax to use near \'\' at line 1'),
	(2055, 'root', 'role', 'selectModulesByModuleId', '通过模块id查询模块信息', '[[]]', '2018-06-17', '70ms', 'no', '### Error querying database.  Cause: com.mysql.jdbc.exceptions.jdbc4.MySQLSyntaxErrorException: You have an error in your SQL syntax; check the manual that corresponds to your MySQL server version for the right syntax to use near \'\' at line 1\r\n### The error may exist in file [D:\\newjava\\CRM_02\\ssmJava\\target\\ssmJava\\WEB-INF\\classes\\mapper\\ModuleMapper.xml]\r\n### The error may involve com.ssm.dao.ModuleMapper.selectModulesByModuleId-Inline\r\n### The error occurred while setting parameters\r\n### SQL: select * from modules where Id in\r\n### Cause: com.mysql.jdbc.exceptions.jdbc4.MySQLSyntaxErrorException: You have an error in your SQL syntax; check the manual that corresponds to your MySQL server version for the right syntax to use near \'\' at line 1\n; bad SQL grammar []; nested exception is com.mysql.jdbc.exceptions.jdbc4.MySQLSyntaxErrorException: You have an error in your SQL syntax; check the manual that corresponds to your MySQL server version for the right syntax to use near \'\' at line 1'),
	(2056, 'root', 'role', 'selectModulesByModuleId', '通过模块id查询模块信息', '[[]]', '2018-06-17', '61ms', 'no', '### Error querying database.  Cause: com.mysql.jdbc.exceptions.jdbc4.MySQLSyntaxErrorException: You have an error in your SQL syntax; check the manual that corresponds to your MySQL server version for the right syntax to use near \'\' at line 1\r\n### The error may exist in file [D:\\newjava\\CRM_02\\ssmJava\\target\\ssmJava\\WEB-INF\\classes\\mapper\\ModuleMapper.xml]\r\n### The error may involve com.ssm.dao.ModuleMapper.selectModulesByModuleId-Inline\r\n### The error occurred while setting parameters\r\n### SQL: select * from modules where Id in\r\n### Cause: com.mysql.jdbc.exceptions.jdbc4.MySQLSyntaxErrorException: You have an error in your SQL syntax; check the manual that corresponds to your MySQL server version for the right syntax to use near \'\' at line 1\n; bad SQL grammar []; nested exception is com.mysql.jdbc.exceptions.jdbc4.MySQLSyntaxErrorException: You have an error in your SQL syntax; check the manual that corresponds to your MySQL server version for the right syntax to use near \'\' at line 1'),
	(2057, 'root', 'role', 'selectModulesByModuleId', '通过模块id查询模块信息', '[[]]', '2018-06-17', '60ms', 'no', '### Error querying database.  Cause: com.mysql.jdbc.exceptions.jdbc4.MySQLSyntaxErrorException: You have an error in your SQL syntax; check the manual that corresponds to your MySQL server version for the right syntax to use near \'\' at line 1\r\n### The error may exist in file [D:\\newjava\\CRM_02\\ssmJava\\target\\ssmJava\\WEB-INF\\classes\\mapper\\ModuleMapper.xml]\r\n### The error may involve com.ssm.dao.ModuleMapper.selectModulesByModuleId-Inline\r\n### The error occurred while setting parameters\r\n### SQL: select * from modules where Id in\r\n### Cause: com.mysql.jdbc.exceptions.jdbc4.MySQLSyntaxErrorException: You have an error in your SQL syntax; check the manual that corresponds to your MySQL server version for the right syntax to use near \'\' at line 1\n; bad SQL grammar []; nested exception is com.mysql.jdbc.exceptions.jdbc4.MySQLSyntaxErrorException: You have an error in your SQL syntax; check the manual that corresponds to your MySQL server version for the right syntax to use near \'\' at line 1'),
	(2058, 'root', 'role', 'updateLoginIP', '记录上次登陆IP', '["127.0.0.1","sun"]', '2018-06-17', '3ms', 'ok', NULL),
	(2059, 'root', 'role', 'selectUserByNameAndPassWord', '用户登录系统，根据用户名和密码来查询该用户是否存在', '["sun","774636e01ff9125c14096bea8d08e2dd"]', '2018-06-17', '3ms', 'ok', NULL),
	(2060, 'root', 'role', 'selectRoleIdByUserId', '根据用户id来查询到此用户具有的所有的角色id', '[17]', '2018-06-17', '3ms', 'ok', NULL),
	(2061, 'root', 'role', 'selectRoleByUserId', '通过用户id查询角色信息', '[17]', '2018-06-17', '3ms', 'ok', NULL),
	(2062, 'root', 'role', 'selectModuleIdByRolesId', '根据角色的id来查询到所对应的各个模块id', '[17]', '2018-06-17', '2ms', 'ok', NULL),
	(2063, 'root', 'role', 'selectPermissionByUserId', '通过用户id查找用户所有权限', '[17]', '2018-06-17', '4ms', 'ok', NULL),
	(2064, 'root', 'role', 'selectModulesByModuleId', '通过模块id查询模块信息', '[[]]', '2018-06-17', '57ms', 'no', '### Error querying database.  Cause: com.mysql.jdbc.exceptions.jdbc4.MySQLSyntaxErrorException: You have an error in your SQL syntax; check the manual that corresponds to your MySQL server version for the right syntax to use near \'\' at line 1\r\n### The error may exist in file [D:\\newjava\\CRM_02\\ssmJava\\target\\ssmJava\\WEB-INF\\classes\\mapper\\ModuleMapper.xml]\r\n### The error may involve com.ssm.dao.ModuleMapper.selectModulesByModuleId-Inline\r\n### The error occurred while setting parameters\r\n### SQL: select * from modules where Id in\r\n### Cause: com.mysql.jdbc.exceptions.jdbc4.MySQLSyntaxErrorException: You have an error in your SQL syntax; check the manual that corresponds to your MySQL server version for the right syntax to use near \'\' at line 1\n; bad SQL grammar []; nested exception is com.mysql.jdbc.exceptions.jdbc4.MySQLSyntaxErrorException: You have an error in your SQL syntax; check the manual that corresponds to your MySQL server version for the right syntax to use near \'\' at line 1'),
	(2065, 'root', 'role', 'selectModulesByModuleId', '通过模块id查询模块信息', '[[]]', '2018-06-17', '96ms', 'no', '### Error querying database.  Cause: com.mysql.jdbc.exceptions.jdbc4.MySQLSyntaxErrorException: You have an error in your SQL syntax; check the manual that corresponds to your MySQL server version for the right syntax to use near \'\' at line 1\r\n### The error may exist in file [D:\\newjava\\CRM_02\\ssmJava\\target\\ssmJava\\WEB-INF\\classes\\mapper\\ModuleMapper.xml]\r\n### The error may involve com.ssm.dao.ModuleMapper.selectModulesByModuleId-Inline\r\n### The error occurred while setting parameters\r\n### SQL: select * from modules where Id in\r\n### Cause: com.mysql.jdbc.exceptions.jdbc4.MySQLSyntaxErrorException: You have an error in your SQL syntax; check the manual that corresponds to your MySQL server version for the right syntax to use near \'\' at line 1\n; bad SQL grammar []; nested exception is com.mysql.jdbc.exceptions.jdbc4.MySQLSyntaxErrorException: You have an error in your SQL syntax; check the manual that corresponds to your MySQL server version for the right syntax to use near \'\' at line 1'),
	(2066, 'root', 'role', 'updateLoginIP', '记录上次登陆IP', '["127.0.0.1","ls"]', '2018-06-17', '4ms', 'ok', NULL),
	(2067, 'root', 'role', 'selectUserByNameAndPassWord', '用户登录系统，根据用户名和密码来查询该用户是否存在', '["ls","774636e01ff9125c14096bea8d08e2dd"]', '2018-06-17', '3ms', 'ok', NULL),
	(2068, 'root', 'role', 'selectRoleIdByUserId', '根据用户id来查询到此用户具有的所有的角色id', '[13]', '2018-06-17', '2ms', 'ok', NULL),
	(2069, 'root', 'role', 'selectRoleByUserId', '通过用户id查询角色信息', '[13]', '2018-06-17', '80ms', 'no', '### Error querying database.  Cause: java.sql.SQLException: Subquery returns more than 1 row\r\n### The error may exist in file [D:\\newjava\\CRM_02\\ssmJava\\target\\ssmJava\\WEB-INF\\classes\\mapper\\RoleMapper.xml]\r\n### The error may involve defaultParameterMap\r\n### The error occurred while setting parameters\r\n### SQL: select Name from roles where Id= (select RoleId from userroles where UserId = ?)\r\n### Cause: java.sql.SQLException: Subquery returns more than 1 row\n; bad SQL grammar []; nested exception is java.sql.SQLException: Subquery returns more than 1 row'),
	(2070, 'root', 'role', 'selectModuleIdByRolesId', '根据角色的id来查询到所对应的各个模块id', '[13]', '2018-06-17', '16ms', 'ok', NULL),
	(2071, 'root', 'role', 'selectPermissionByUserId', '通过用户id查找用户所有权限', '[13]', '2018-06-17', '3ms', 'ok', NULL),
	(2072, 'root', 'role', 'selectModulesByModuleId', '通过模块id查询模块信息', '[[190,188,187,189,198,215,216,214]]', '2018-06-17', '5ms', 'ok', NULL),
	(2073, 'root', 'role', 'selectAllUser', '查看所有用户列表', '[1,10]', '2018-06-17', '7ms', 'ok', NULL),
	(2074, 'root', 'role', 'selectModulesByModuleId', '通过模块id查询模块信息', '[[190,188,187,189,198,215,216,214]]', '2018-06-17', '5ms', 'ok', NULL),
	(2075, 'root', 'role', 'selectAllUser', '查看所有用户列表', '[1,10]', '2018-06-17', '7ms', 'ok', NULL),
	(2076, 'root', 'role', 'updateLoginIP', '记录上次登陆IP', '["127.0.0.1","sun"]', '2018-06-17', '945ms', 'ok', NULL),
	(2077, 'root', 'role', 'selectUserByNameAndPassWord', '用户登录系统，根据用户名和密码来查询该用户是否存在', '["sun","774636e01ff9125c14096bea8d08e2dd"]', '2018-06-17', '200ms', 'no', '### Error querying database.  Cause: com.mysql.jdbc.exceptions.jdbc4.MySQLSyntaxErrorException: You have an error in your SQL syntax; check the manual that corresponds to your MySQL server version for the right syntax to use near \'from users\n        where LoginName=\'sun\' and Password=\'774636e01ff9125c14096bea8\' at line 6\r\n### The error may exist in file [D:\\newjava\\CRM_02\\ssmJava\\target\\ssmJava\\WEB-INF\\classes\\mapper\\UserMapper.xml]\r\n### The error may involve defaultParameterMap\r\n### The error occurred while setting parameters\r\n### SQL: select                   Id, LoginName, Password, IsLockout, LastLoginTime, PsdWrongTime, LockTime, ProtectEMail,         protectMTel, CreateTime,LastLoginIP,                 from users         where LoginName=? and Password=?\r\n### Cause: com.mysql.jdbc.exceptions.jdbc4.MySQLSyntaxErrorException: You have an error in your SQL syntax; check the manual that corresponds to your MySQL server version for the right syntax to use near \'from users\n        where LoginName=\'sun\' and Password=\'774636e01ff9125c14096bea8\' at line 6\n; bad SQL grammar []; nested exception is com.mysql.jdbc.exceptions.jdbc4.MySQLSyntaxErrorException: You have an error in your SQL syntax; check the manual that corresponds to your MySQL server version for the right syntax to use near \'from users\n        where LoginName=\'sun\' and Password=\'774636e01ff9125c14096bea8\' at line 6'),
	(2078, 'root', 'role', 'updateLoginIP', '记录上次登陆IP', '["127.0.0.1","sun"]', '2018-06-17', '5ms', 'ok', NULL),
	(2079, 'root', 'role', 'selectUserByNameAndPassWord', '用户登录系统，根据用户名和密码来查询该用户是否存在', '["sun","774636e01ff9125c14096bea8d08e2dd"]', '2018-06-17', '86ms', 'no', '### Error querying database.  Cause: com.mysql.jdbc.exceptions.jdbc4.MySQLSyntaxErrorException: You have an error in your SQL syntax; check the manual that corresponds to your MySQL server version for the right syntax to use near \'from users\n        where LoginName=\'sun\' and Password=\'774636e01ff9125c14096bea8\' at line 6\r\n### The error may exist in file [D:\\newjava\\CRM_02\\ssmJava\\target\\ssmJava\\WEB-INF\\classes\\mapper\\UserMapper.xml]\r\n### The error may involve defaultParameterMap\r\n### The error occurred while setting parameters\r\n### SQL: select                   Id, LoginName, Password, IsLockout, LastLoginTime, PsdWrongTime, LockTime, ProtectEMail,         protectMTel, CreateTime,LastLoginIP,                 from users         where LoginName=? and Password=?\r\n### Cause: com.mysql.jdbc.exceptions.jdbc4.MySQLSyntaxErrorException: You have an error in your SQL syntax; check the manual that corresponds to your MySQL server version for the right syntax to use near \'from users\n        where LoginName=\'sun\' and Password=\'774636e01ff9125c14096bea8\' at line 6\n; bad SQL grammar []; nested exception is com.mysql.jdbc.exceptions.jdbc4.MySQLSyntaxErrorException: You have an error in your SQL syntax; check the manual that corresponds to your MySQL server version for the right syntax to use near \'from users\n        where LoginName=\'sun\' and Password=\'774636e01ff9125c14096bea8\' at line 6'),
	(2080, 'root', 'role', 'updateLoginIP', '记录上次登陆IP', '["127.0.0.1","sun"]', '2018-06-17', '902ms', 'ok', NULL),
	(2081, 'root', 'role', 'selectUserByNameAndPassWord', '用户登录系统，根据用户名和密码来查询该用户是否存在', '["sun","774636e01ff9125c14096bea8d08e2dd"]', '2018-06-17', '51ms', 'ok', NULL),
	(2082, 'root', 'role', 'selectRoleIdByUserId', '根据用户id来查询到此用户具有的所有的角色id', '[17]', '2018-06-17', '30ms', 'ok', NULL),
	(2083, 'root', 'role', 'selectRoleByUserId', '通过用户id查询角色信息', '[17]', '2018-06-17', '0ms', 'ok', NULL),
	(2084, 'root', 'role', 'selectModuleIdByRolesId', '根据角色的id来查询到所对应的各个模块id', '[17]', '2018-06-17', '20ms', 'ok', NULL),
	(2085, 'root', 'role', 'selectPermissionByUserId', '通过用户id查找用户所有权限', '[17]', '2018-06-17', '10ms', 'ok', NULL),
	(2086, 'root', 'role', 'selectModulesByModuleId', '通过模块id查询模块信息', '[[]]', '2018-06-17', '253ms', 'no', '### Error querying database.  Cause: com.mysql.jdbc.exceptions.jdbc4.MySQLSyntaxErrorException: You have an error in your SQL syntax; check the manual that corresponds to your MySQL server version for the right syntax to use near \'\' at line 1\r\n### The error may exist in file [D:\\newjava\\CRM_02\\ssmJava\\target\\ssmJava\\WEB-INF\\classes\\mapper\\ModuleMapper.xml]\r\n### The error may involve com.ssm.dao.ModuleMapper.selectModulesByModuleId-Inline\r\n### The error occurred while setting parameters\r\n### SQL: select * from modules where Id in\r\n### Cause: com.mysql.jdbc.exceptions.jdbc4.MySQLSyntaxErrorException: You have an error in your SQL syntax; check the manual that corresponds to your MySQL server version for the right syntax to use near \'\' at line 1\n; bad SQL grammar []; nested exception is com.mysql.jdbc.exceptions.jdbc4.MySQLSyntaxErrorException: You have an error in your SQL syntax; check the manual that corresponds to your MySQL server version for the right syntax to use near \'\' at line 1'),
	(2087, 'root', 'role', 'selectModulesByModuleId', '通过模块id查询模块信息', '[[]]', '2018-06-17', '60ms', 'no', '### Error querying database.  Cause: com.mysql.jdbc.exceptions.jdbc4.MySQLSyntaxErrorException: You have an error in your SQL syntax; check the manual that corresponds to your MySQL server version for the right syntax to use near \'\' at line 1\r\n### The error may exist in file [D:\\newjava\\CRM_02\\ssmJava\\target\\ssmJava\\WEB-INF\\classes\\mapper\\ModuleMapper.xml]\r\n### The error may involve com.ssm.dao.ModuleMapper.selectModulesByModuleId-Inline\r\n### The error occurred while setting parameters\r\n### SQL: select * from modules where Id in\r\n### Cause: com.mysql.jdbc.exceptions.jdbc4.MySQLSyntaxErrorException: You have an error in your SQL syntax; check the manual that corresponds to your MySQL server version for the right syntax to use near \'\' at line 1\n; bad SQL grammar []; nested exception is com.mysql.jdbc.exceptions.jdbc4.MySQLSyntaxErrorException: You have an error in your SQL syntax; check the manual that corresponds to your MySQL server version for the right syntax to use near \'\' at line 1'),
	(2088, 'root', 'role', 'updateLoginIP', '记录上次登陆IP', '["127.0.0.1","ls"]', '2018-06-17', '4ms', 'ok', NULL),
	(2089, 'root', 'role', 'selectUserByNameAndPassWord', '用户登录系统，根据用户名和密码来查询该用户是否存在', '["ls","774636e01ff9125c14096bea8d08e2dd"]', '2018-06-17', '5ms', 'ok', NULL),
	(2090, 'root', 'role', 'selectRoleIdByUserId', '根据用户id来查询到此用户具有的所有的角色id', '[13]', '2018-06-17', '4ms', 'ok', NULL),
	(2091, 'root', 'role', 'selectRoleByUserId', '通过用户id查询角色信息', '[13]', '2018-06-17', '71ms', 'no', '### Error querying database.  Cause: java.sql.SQLException: Subquery returns more than 1 row\r\n### The error may exist in file [D:\\newjava\\CRM_02\\ssmJava\\target\\ssmJava\\WEB-INF\\classes\\mapper\\RoleMapper.xml]\r\n### The error may involve defaultParameterMap\r\n### The error occurred while setting parameters\r\n### SQL: select Name from roles where Id= (select RoleId from userroles where UserId = ?)\r\n### Cause: java.sql.SQLException: Subquery returns more than 1 row\n; bad SQL grammar []; nested exception is java.sql.SQLException: Subquery returns more than 1 row'),
	(2092, 'root', 'role', 'selectModuleIdByRolesId', '根据角色的id来查询到所对应的各个模块id', '[13]', '2018-06-17', '6ms', 'ok', NULL),
	(2093, 'root', 'role', 'selectPermissionByUserId', '通过用户id查找用户所有权限', '[13]', '2018-06-17', '6ms', 'ok', NULL),
	(2094, 'root', 'role', 'selectModulesByModuleId', '通过模块id查询模块信息', '[[190,188,187,189,198,215,216,214]]', '2018-06-17', '8ms', 'ok', NULL),
	(2095, 'root', 'role', 'selectAllUser', '查看所有用户列表', '[1,10]', '2018-06-17', '113ms', 'ok', NULL),
	(2096, 'root', 'role', 'updateLoginIP', '记录上次登陆IP', '["sun","127.0.0.1"]', '2018-06-17', '894ms', 'ok', NULL),
	(2097, 'root', 'role', 'selectUserByNameAndPassWord', '用户登录系统，根据用户名和密码来查询该用户是否存在', '["sun","774636e01ff9125c14096bea8d08e2dd"]', '2018-06-17', '49ms', 'ok', NULL),
	(2098, 'root', 'role', 'selectRoleIdByUserId', '根据用户id来查询到此用户具有的所有的角色id', '[17]', '2018-06-17', '21ms', 'ok', NULL),
	(2099, 'root', 'role', 'selectRoleByUserId', '通过用户id查询角色信息', '[17]', '2018-06-17', '4ms', 'ok', NULL),
	(2100, 'root', 'role', 'selectModuleIdByRolesId', '根据角色的id来查询到所对应的各个模块id', '[17]', '2018-06-17', '19ms', 'ok', NULL),
	(2101, 'root', 'role', 'selectPermissionByUserId', '通过用户id查找用户所有权限', '[17]', '2018-06-17', '15ms', 'ok', NULL),
	(2102, 'root', 'role', 'selectModulesByModuleId', '通过模块id查询模块信息', '[[]]', '2018-06-17', '270ms', 'no', '### Error querying database.  Cause: com.mysql.jdbc.exceptions.jdbc4.MySQLSyntaxErrorException: You have an error in your SQL syntax; check the manual that corresponds to your MySQL server version for the right syntax to use near \'\' at line 1\r\n### The error may exist in file [D:\\newjava\\CRM_02\\ssmJava\\target\\ssmJava\\WEB-INF\\classes\\mapper\\ModuleMapper.xml]\r\n### The error may involve com.ssm.dao.ModuleMapper.selectModulesByModuleId-Inline\r\n### The error occurred while setting parameters\r\n### SQL: select * from modules where Id in\r\n### Cause: com.mysql.jdbc.exceptions.jdbc4.MySQLSyntaxErrorException: You have an error in your SQL syntax; check the manual that corresponds to your MySQL server version for the right syntax to use near \'\' at line 1\n; bad SQL grammar []; nested exception is com.mysql.jdbc.exceptions.jdbc4.MySQLSyntaxErrorException: You have an error in your SQL syntax; check the manual that corresponds to your MySQL server version for the right syntax to use near \'\' at line 1'),
	(2103, 'root', 'role', 'updateLoginIP', '记录上次登陆IP', '["ls","127.0.0.1"]', '2018-06-17', '6ms', 'ok', NULL),
	(2104, 'root', 'role', 'selectUserByNameAndPassWord', '用户登录系统，根据用户名和密码来查询该用户是否存在', '["ls","774636e01ff9125c14096bea8d08e2dd"]', '2018-06-17', '6ms', 'ok', NULL),
	(2105, 'root', 'role', 'selectRoleIdByUserId', '根据用户id来查询到此用户具有的所有的角色id', '[13]', '2018-06-17', '4ms', 'ok', NULL),
	(2106, 'root', 'role', 'selectRoleByUserId', '通过用户id查询角色信息', '[13]', '2018-06-17', '83ms', 'no', '### Error querying database.  Cause: java.sql.SQLException: Subquery returns more than 1 row\r\n### The error may exist in file [D:\\newjava\\CRM_02\\ssmJava\\target\\ssmJava\\WEB-INF\\classes\\mapper\\RoleMapper.xml]\r\n### The error may involve defaultParameterMap\r\n### The error occurred while setting parameters\r\n### SQL: select Name from roles where Id= (select RoleId from userroles where UserId = ?)\r\n### Cause: java.sql.SQLException: Subquery returns more than 1 row\n; bad SQL grammar []; nested exception is java.sql.SQLException: Subquery returns more than 1 row'),
	(2107, 'root', 'role', 'selectModuleIdByRolesId', '根据角色的id来查询到所对应的各个模块id', '[13]', '2018-06-17', '6ms', 'ok', NULL),
	(2108, 'root', 'role', 'selectPermissionByUserId', '通过用户id查找用户所有权限', '[13]', '2018-06-17', '6ms', 'ok', NULL),
	(2109, 'root', 'role', 'selectModulesByModuleId', '通过模块id查询模块信息', '[[190,188,187,189,198,215,216,214]]', '2018-06-17', '9ms', 'ok', NULL),
	(2110, 'root', 'role', 'selectAllUser', '查看所有用户列表', '[1,10]', '2018-06-17', '102ms', 'ok', NULL),
	(2111, 'root', 'role', 'selectModulesByModuleId', '通过模块id查询模块信息', '[[190,188,187,189,198,215,216,214]]', '2018-06-17', '9ms', 'ok', NULL),
	(2112, 'root', 'role', 'selectModulesByModuleId', '通过模块id查询模块信息', '[[190,188,187,189,198,215,216,214]]', '2018-06-17', '26ms', 'ok', NULL),
	(2113, 'root', 'role', 'updateLoginIP', '记录上次登陆IP', '["ls","127.0.0.1"]', '2018-06-17', '1054ms', 'ok', NULL),
	(2114, 'root', 'role', 'selectUserByNameAndPassWord', '用户登录系统，根据用户名和密码来查询该用户是否存在', '["ls","774636e01ff9125c14096bea8d08e2dd"]', '2018-06-17', '50ms', 'ok', NULL),
	(2115, 'root', 'role', 'selectRoleIdByUserId', '根据用户id来查询到此用户具有的所有的角色id', '[13]', '2018-06-17', '41ms', 'ok', NULL),
	(2116, 'root', 'role', 'selectRoleByUserId', '通过用户id查询角色信息', '[13]', '2018-06-17', '468ms', 'no', '### Error querying database.  Cause: java.sql.SQLException: Subquery returns more than 1 row\r\n### The error may exist in file [D:\\newjava\\CRM_02\\ssmJava\\target\\ssmJava\\WEB-INF\\classes\\mapper\\RoleMapper.xml]\r\n### The error may involve defaultParameterMap\r\n### The error occurred while setting parameters\r\n### SQL: select Name from roles where Id= (select RoleId from userroles where UserId = ?)\r\n### Cause: java.sql.SQLException: Subquery returns more than 1 row\n; bad SQL grammar []; nested exception is java.sql.SQLException: Subquery returns more than 1 row'),
	(2117, 'root', 'role', 'selectModuleIdByRolesId', '根据角色的id来查询到所对应的各个模块id', '[13]', '2018-06-17', '30ms', 'ok', NULL),
	(2118, 'root', 'role', 'selectPermissionByUserId', '通过用户id查找用户所有权限', '[13]', '2018-06-17', '27ms', 'ok', NULL),
	(2119, 'root', 'role', 'selectModulesByModuleId', '通过模块id查询模块信息', '[[190,188,187,189,198,215,216,214]]', '2018-06-17', '11ms', 'ok', NULL),
	(2120, 'root', 'role', 'selectModulesByModuleId', '通过模块id查询模块信息', '[[190,188,187,189,198,215,216,214]]', '2018-06-17', '9ms', 'ok', NULL),
	(2121, 'root', 'role', 'selectModulesByModuleId', '通过模块id查询模块信息', '[[190,188,187,189,198,215,216,214]]', '2018-06-17', '10ms', 'ok', NULL),
	(2122, 'root', 'role', 'updateLoginIP', '记录上次登陆IP', '["ls","127.0.0.1"]', '2018-06-17', '1098ms', 'ok', NULL),
	(2123, 'root', 'role', 'selectUserByNameAndPassWord', '用户登录系统，根据用户名和密码来查询该用户是否存在', '["ls","774636e01ff9125c14096bea8d08e2dd"]', '2018-06-17', '53ms', 'ok', NULL),
	(2124, 'root', 'role', 'selectRoleIdByUserId', '根据用户id来查询到此用户具有的所有的角色id', '[13]', '2018-06-17', '23ms', 'ok', NULL),
	(2125, 'root', 'role', 'selectRoleByUserId', '通过用户id查询角色信息', '[13]', '2018-06-17', '377ms', 'no', '### Error querying database.  Cause: java.sql.SQLException: Subquery returns more than 1 row\r\n### The error may exist in file [D:\\newjava\\CRM_02\\ssmJava\\target\\ssmJava\\WEB-INF\\classes\\mapper\\RoleMapper.xml]\r\n### The error may involve defaultParameterMap\r\n### The error occurred while setting parameters\r\n### SQL: select Name from roles where Id= (select RoleId from userroles where UserId = ?)\r\n### Cause: java.sql.SQLException: Subquery returns more than 1 row\n; bad SQL grammar []; nested exception is java.sql.SQLException: Subquery returns more than 1 row'),
	(2126, 'root', 'role', 'selectModuleIdByRolesId', '根据角色的id来查询到所对应的各个模块id', '[13]', '2018-06-17', '65ms', 'ok', NULL),
	(2127, 'root', 'role', 'selectPermissionByUserId', '通过用户id查找用户所有权限', '[13]', '2018-06-17', '21ms', 'ok', NULL),
	(2128, 'root', 'role', 'selectModulesByModuleId', '通过模块id查询模块信息', '[[190,188,187,189,198,215,216,214]]', '2018-06-17', '10ms', 'ok', NULL),
	(2129, 'root', 'role', 'updateLoginIP', '记录上次登陆IP', '["ls","127.0.0.1"]', '2018-06-17', '7ms', 'ok', NULL),
	(2130, 'root', 'role', 'selectUserByNameAndPassWord', '用户登录系统，根据用户名和密码来查询该用户是否存在', '["ls","774636e01ff9125c14096bea8d08e2dd"]', '2018-06-17', '7ms', 'ok', NULL),
	(2131, 'root', 'role', 'selectRoleIdByUserId', '根据用户id来查询到此用户具有的所有的角色id', '[13]', '2018-06-17', '6ms', 'ok', NULL),
	(2132, 'root', 'role', 'selectRoleByUserId', '通过用户id查询角色信息', '[13]', '2018-06-17', '153ms', 'no', '### Error querying database.  Cause: java.sql.SQLException: Subquery returns more than 1 row\r\n### The error may exist in file [D:\\newjava\\CRM_02\\ssmJava\\target\\ssmJava\\WEB-INF\\classes\\mapper\\RoleMapper.xml]\r\n### The error may involve defaultParameterMap\r\n### The error occurred while setting parameters\r\n### SQL: select Name from roles where Id= (select RoleId from userroles where UserId = ?)\r\n### Cause: java.sql.SQLException: Subquery returns more than 1 row\n; bad SQL grammar []; nested exception is java.sql.SQLException: Subquery returns more than 1 row'),
	(2133, 'root', 'role', 'selectModuleIdByRolesId', '根据角色的id来查询到所对应的各个模块id', '[13]', '2018-06-17', '12ms', 'ok', NULL),
	(2134, 'root', 'role', 'selectPermissionByUserId', '通过用户id查找用户所有权限', '[13]', '2018-06-17', '31ms', 'ok', NULL),
	(2135, 'root', 'role', 'selectModulesByModuleId', '通过模块id查询模块信息', '[[190,188,187,189,198,215,216,214]]', '2018-06-17', '8ms', 'ok', NULL),
	(2136, 'root', 'role', 'updateLoginIP', '记录上次登陆IP', '["ls","127.0.0.1"]', '2018-06-17', '946ms', 'ok', NULL),
	(2137, 'root', 'role', 'selectUserByNameAndPassWord', '用户登录系统，根据用户名和密码来查询该用户是否存在', '["ls","774636e01ff9125c14096bea8d08e2dd"]', '2018-06-17', '54ms', 'ok', NULL),
	(2138, 'root', 'role', 'selectRoleIdByUserId', '根据用户id来查询到此用户具有的所有的角色id', '[13]', '2018-06-17', '21ms', 'ok', NULL),
	(2139, 'root', 'role', 'selectRoleByUserId', '通过用户id查询角色信息', '[13]', '2018-06-17', '221ms', 'no', '### Error querying database.  Cause: java.sql.SQLException: Subquery returns more than 1 row\r\n### The error may exist in file [D:\\newjava\\CRM_02\\ssmJava\\target\\ssmJava\\WEB-INF\\classes\\mapper\\RoleMapper.xml]\r\n### The error may involve defaultParameterMap\r\n### The error occurred while setting parameters\r\n### SQL: select Name from roles where Id= (select RoleId from userroles where UserId = ?)\r\n### Cause: java.sql.SQLException: Subquery returns more than 1 row\n; bad SQL grammar []; nested exception is java.sql.SQLException: Subquery returns more than 1 row'),
	(2140, 'root', 'role', 'selectModuleIdByRolesId', '根据角色的id来查询到所对应的各个模块id', '[13]', '2018-06-17', '17ms', 'ok', NULL),
	(2141, 'root', 'role', 'selectPermissionByUserId', '通过用户id查找用户所有权限', '[13]', '2018-06-17', '18ms', 'ok', NULL),
	(2142, 'root', 'role', 'selectModulesByModuleId', '通过模块id查询模块信息', '[[190,188,187,189,198,215,216,214]]', '2018-06-17', '12ms', 'ok', NULL),
	(2143, 'root', 'role', 'selectModulesByModuleId', '通过模块id查询模块信息', '[[190,188,187,189,198,215,216,214]]', '2018-06-17', '1280ms', 'ok', NULL),
	(2144, 'root', 'role', 'selectModulesByModuleId', '通过模块id查询模块信息', '[[190,188,187,189,198,215,216,214]]', '2018-06-17', '1673ms', 'ok', NULL),
	(2145, 'root', 'role', 'selectAllUser', '查看所有用户列表', '[1,10]', '2018-06-17', '43ms', 'ok', NULL),
	(2146, 'root', 'role', 'selectAll', '查询所有的角色操作', '[1,10]', '2018-06-17', '25ms', 'ok', NULL),
	(2147, 'root', 'role', 'selectRolePermissions', '查询某一角色所拥有的权限的操作', '[3]', '2018-06-17', '18ms', 'ok', NULL),
	(2148, 'root', 'role', 'selectRoleNoPermissions', '查询某一角色没有的权限的操作', '[3]', '2018-06-17', '26ms', 'ok', NULL),
	(2149, 'root', 'role', 'updateLoginIP', '记录上次登陆IP', '["ls","127.0.0.1"]', '2018-06-17', '18ms', 'ok', NULL),
	(2150, 'root', 'role', 'selectUserByNameAndPassWord', '用户登录系统，根据用户名和密码来查询该用户是否存在', '["ls","493355471cc4f5581cdccac22891d915"]', '2018-06-17', '8ms', 'ok', NULL),
	(2151, 'root', 'role', 'updateLoginIP', '记录上次登陆IP', '["ls","127.0.0.1"]', '2018-06-17', '6ms', 'ok', NULL),
	(2152, 'root', 'role', 'selectUserByNameAndPassWord', '用户登录系统，根据用户名和密码来查询该用户是否存在', '["ls","774636e01ff9125c14096bea8d08e2dd"]', '2018-06-17', '18ms', 'ok', NULL),
	(2153, 'root', 'role', 'selectRoleIdByUserId', '根据用户id来查询到此用户具有的所有的角色id', '[13]', '2018-06-17', '30ms', 'ok', NULL),
	(2154, 'root', 'role', 'selectRoleByUserId', '通过用户id查询角色信息', '[13]', '2018-06-17', '285ms', 'no', '### Error querying database.  Cause: java.sql.SQLException: Subquery returns more than 1 row\r\n### The error may exist in file [D:\\newjava\\CRM_02\\ssmJava\\target\\ssmJava\\WEB-INF\\classes\\mapper\\RoleMapper.xml]\r\n### The error may involve defaultParameterMap\r\n### The error occurred while setting parameters\r\n### SQL: select Name from roles where Id= (select RoleId from userroles where UserId = ?)\r\n### Cause: java.sql.SQLException: Subquery returns more than 1 row\n; bad SQL grammar []; nested exception is java.sql.SQLException: Subquery returns more than 1 row'),
	(2155, 'root', 'role', 'selectModuleIdByRolesId', '根据角色的id来查询到所对应的各个模块id', '[13]', '2018-06-17', '5ms', 'ok', NULL),
	(2156, 'root', 'role', 'selectPermissionByUserId', '通过用户id查找用户所有权限', '[13]', '2018-06-17', '8ms', 'ok', NULL),
	(2157, 'root', 'role', 'selectModulesByModuleId', '通过模块id查询模块信息', '[[190,188,187,189,198,215,216,214]]', '2018-06-17', '6ms', 'ok', NULL),
	(2158, 'root', 'role', 'selectAll', '查询所有的角色操作', '[1,10]', '2018-06-17', '10ms', 'ok', NULL),
	(2159, 'root', 'role', 'selectRolePermissions', '查询某一角色所拥有的权限的操作', '[4]', '2018-06-17', '15ms', 'ok', NULL),
	(2160, 'root', 'role', 'selectRoleNoPermissions', '查询某一角色没有的权限的操作', '[4]', '2018-06-17', '18ms', 'ok', NULL),
	(2161, 'root', 'role', 'deletePermissionAndRole', '为角色删除权限的操作', '[4,8]', '2018-06-17', '6ms', 'ok', NULL),
	(2162, 'root', 'role', 'selectRolePermissions', '查询某一角色所拥有的权限的操作', '[4]', '2018-06-17', '3ms', 'ok', NULL),
	(2163, 'root', 'role', 'selectRoleNoPermissions', '查询某一角色没有的权限的操作', '[4]', '2018-06-17', '4ms', 'ok', NULL),
	(2164, 'root', 'role', 'insertPermissionAndRole', '为角色添加权限的操作', '[4,10]', '2018-06-17', '5ms', 'ok', NULL),
	(2165, 'root', 'role', 'selectRolePermissions', '查询某一角色所拥有的权限的操作', '[4]', '2018-06-17', '7ms', 'ok', NULL),
	(2166, 'root', 'role', 'selectRoleNoPermissions', '查询某一角色没有的权限的操作', '[4]', '2018-06-17', '8ms', 'ok', NULL),
	(2167, 'root', 'role', 'selectModulesByModuleId', '通过模块id查询模块信息', '[[190,188,187,189,198,215,216,214]]', '2018-06-17', '7ms', 'ok', NULL),
	(2168, 'root', 'role', 'selectAll', '查询所有的角色操作', '[1,10]', '2018-06-17', '5ms', 'ok', NULL),
	(2169, 'root', 'role', 'selectRolePermissions', '查询某一角色所拥有的权限的操作', '[2]', '2018-06-17', '3ms', 'ok', NULL),
	(2170, 'root', 'role', 'selectRoleNoPermissions', '查询某一角色没有的权限的操作', '[2]', '2018-06-17', '10ms', 'ok', NULL),
	(2171, 'root', 'role', 'selectRolePermissions', '查询某一角色所拥有的权限的操作', '[4]', '2018-06-17', '7ms', 'ok', NULL),
	(2172, 'root', 'role', 'selectRoleNoPermissions', '查询某一角色没有的权限的操作', '[4]', '2018-06-17', '12ms', 'ok', NULL),
	(2173, 'root', 'role', 'selectModulesByModuleId', '通过模块id查询模块信息', '[[190,188,187,189,198,215,216,214]]', '2018-06-17', '1102ms', 'ok', NULL),
	(2174, 'root', 'role', 'selectModulesByModuleId', '通过模块id查询模块信息', '[[190,188,187,189,198,215,216,214]]', '2018-06-17', '1161ms', 'ok', NULL),
	(2175, 'root', 'role', 'selectModulesByModuleId', '通过模块id查询模块信息', '[[190,188,187,189,198,215,216,214]]', '2018-06-17', '1301ms', 'ok', NULL),
	(2176, 'root', 'role', 'selectModulesByModuleId', '通过模块id查询模块信息', '[[190,188,187,189,198,215,216,214]]', '2018-06-17', '1265ms', 'ok', NULL),
	(2177, 'root', 'role', 'updateLoginIP', '记录上次登陆IP', '["ls","127.0.0.1"]', '2018-06-17', '900ms', 'ok', NULL),
	(2178, 'root', 'role', 'selectUserByNameAndPassWord', '用户登录系统，根据用户名和密码来查询该用户是否存在', '["ls","774636e01ff9125c14096bea8d08e2dd"]', '2018-06-17', '57ms', 'ok', NULL),
	(2179, 'root', 'role', 'selectRoleIdByUserId', '根据用户id来查询到此用户具有的所有的角色id', '[13]', '2018-06-17', '21ms', 'ok', NULL),
	(2180, 'root', 'role', 'selectRoleByUserId', '通过用户id查询角色信息', '[13]', '2018-06-17', '206ms', 'no', '### Error querying database.  Cause: java.sql.SQLException: Subquery returns more than 1 row\r\n### The error may exist in file [D:\\newjava\\CRM_02\\ssmJava\\target\\ssmJava\\WEB-INF\\classes\\mapper\\RoleMapper.xml]\r\n### The error may involve defaultParameterMap\r\n### The error occurred while setting parameters\r\n### SQL: select Name from roles where Id= (select RoleId from userroles where UserId = ?)\r\n### Cause: java.sql.SQLException: Subquery returns more than 1 row\n; bad SQL grammar []; nested exception is java.sql.SQLException: Subquery returns more than 1 row'),
	(2181, 'root', 'role', 'selectModuleIdByRolesId', '根据角色的id来查询到所对应的各个模块id', '[13]', '2018-06-17', '30ms', 'ok', NULL),
	(2182, 'root', 'role', 'selectPermissionByUserId', '通过用户id查找用户所有权限', '[13]', '2018-06-17', '21ms', 'ok', NULL),
	(2183, 'root', 'role', 'selectModulesByModuleId', '通过模块id查询模块信息', '[[190,188,187,189,198,215,216,214]]', '2018-06-17', '11ms', 'ok', NULL),
	(2184, 'root', 'role', 'selectModulesByModuleId', '通过模块id查询模块信息', '[[190,188,187,189,198,215,216,214]]', '2018-06-17', '1270ms', 'ok', NULL),
	(2185, 'root', 'role', 'selectModulesByModuleId', '通过模块id查询模块信息', '[[190,188,187,189,198,215,216,214]]', '2018-06-17', '1252ms', 'ok', NULL),
	(2186, 'root', 'role', 'selectModulesByModuleId', '通过模块id查询模块信息', '[[190,188,187,189,198,215,216,214]]', '2018-06-17', '1251ms', 'ok', NULL),
	(2187, 'root', 'role', 'updateLoginIP', '记录上次登陆IP', '["ls","127.0.0.1"]', '2018-06-18', '1067ms', 'ok', NULL),
	(2188, 'root', 'role', 'selectUserByNameAndPassWord', '用户登录系统，根据用户名和密码来查询该用户是否存在', '["ls","774636e01ff9125c14096bea8d08e2dd"]', '2018-06-18', '48ms', 'ok', NULL),
	(2189, 'root', 'role', 'selectRoleIdByUserId', '根据用户id来查询到此用户具有的所有的角色id', '[13]', '2018-06-18', '22ms', 'ok', NULL),
	(2190, 'root', 'role', 'selectRoleByUserId', '通过用户id查询角色信息', '[13]', '2018-06-18', '365ms', 'no', '### Error querying database.  Cause: java.sql.SQLException: Subquery returns more than 1 row\r\n### The error may exist in file [D:\\newjava\\CRM_02\\ssmJava\\target\\ssmJava\\WEB-INF\\classes\\mapper\\RoleMapper.xml]\r\n### The error may involve defaultParameterMap\r\n### The error occurred while setting parameters\r\n### SQL: select Name from roles where Id= (select RoleId from userroles where UserId = ?)\r\n### Cause: java.sql.SQLException: Subquery returns more than 1 row\n; bad SQL grammar []; nested exception is java.sql.SQLException: Subquery returns more than 1 row'),
	(2191, 'root', 'role', 'selectModuleIdByRolesId', '根据角色的id来查询到所对应的各个模块id', '[13]', '2018-06-18', '84ms', 'ok', NULL),
	(2192, 'root', 'role', 'selectPermissionByUserId', '通过用户id查找用户所有权限', '[13]', '2018-06-18', '87ms', 'ok', NULL),
	(2193, 'root', 'role', 'selectModulesByModuleId', '通过模块id查询模块信息', '[[190,188,187,189,198,215,216,214]]', '2018-06-18', '12ms', 'ok', NULL),
	(2194, 'root', 'role', 'selectModulesByModuleId', '通过模块id查询模块信息', '[[190,188,187,189,198,215,216,214]]', '2018-06-18', '8ms', 'ok', NULL),
	(2195, 'root', 'role', 'selectModulesByModuleId', '通过模块id查询模块信息', '[[190,188,187,189,198,215,216,214]]', '2018-06-18', '4ms', 'ok', NULL),
	(2196, 'root', 'role', 'selectModulesByModuleId', '通过模块id查询模块信息', '[[190,188,187,189,198,215,216,214]]', '2018-06-18', '4ms', 'ok', NULL),
	(2197, 'root', 'role', 'selectModulesByModuleId', '通过模块id查询模块信息', '[[190,188,187,189,198,215,216,214]]', '2018-06-18', '13ms', 'ok', NULL),
	(2198, 'root', 'role', 'selectModulesByModuleId', '通过模块id查询模块信息', '[[190,188,187,189,198,215,216,214]]', '2018-06-18', '4ms', 'ok', NULL),
	(2199, 'root', 'role', 'selectModulesByModuleId', '通过模块id查询模块信息', '[[190,188,187,189,198,215,216,214]]', '2018-06-18', '4ms', 'ok', NULL),
	(2200, 'root', 'role', 'selectModulesByModuleId', '通过模块id查询模块信息', '[[190,188,187,189,198,215,216,214]]', '2018-06-18', '4ms', 'ok', NULL),
	(2201, 'root', 'role', 'selectModulesByModuleId', '通过模块id查询模块信息', '[[190,188,187,189,198,215,216,214]]', '2018-06-18', '4ms', 'ok', NULL),
	(2202, 'root', 'role', 'selectModulesByModuleId', '通过模块id查询模块信息', '[[190,188,187,189,198,215,216,214]]', '2018-06-18', '4ms', 'ok', NULL),
	(2203, 'root', 'role', 'selectModulesByModuleId', '通过模块id查询模块信息', '[[190,188,187,189,198,215,216,214]]', '2018-06-18', '4ms', 'ok', NULL),
	(2204, 'root', 'role', 'selectModulesByModuleId', '通过模块id查询模块信息', '[[190,188,187,189,198,215,216,214]]', '2018-06-18', '4ms', 'ok', NULL),
	(2205, 'root', 'role', 'selectModulesByModuleId', '通过模块id查询模块信息', '[[190,188,187,189,198,215,216,214]]', '2018-06-18', '4ms', 'ok', NULL),
	(2206, 'root', 'role', 'selectModulesByModuleId', '通过模块id查询模块信息', '[[190,188,187,189,198,215,216,214]]', '2018-06-18', '4ms', 'ok', NULL),
	(2207, 'root', 'role', 'selectModulesByModuleId', '通过模块id查询模块信息', '[[190,188,187,189,198,215,216,214]]', '2018-06-18', '4ms', 'ok', NULL),
	(2208, 'root', 'role', 'selectModulesByModuleId', '通过模块id查询模块信息', '[[190,188,187,189,198,215,216,214]]', '2018-06-18', '8ms', 'ok', NULL),
	(2209, 'root', 'role', 'updateLoginIP', '记录上次登陆IP', '["ls","127.0.0.1"]', '2018-06-18', '21ms', 'ok', NULL),
	(2210, 'root', 'role', 'selectUserByNameAndPassWord', '用户登录系统，根据用户名和密码来查询该用户是否存在', '["ls","774636e01ff9125c14096bea8d08e2dd"]', '2018-06-18', '7ms', 'ok', NULL),
	(2211, 'root', 'role', 'selectRoleIdByUserId', '根据用户id来查询到此用户具有的所有的角色id', '[13]', '2018-06-18', '5ms', 'ok', NULL),
	(2212, 'root', 'role', 'selectRoleByUserId', '通过用户id查询角色信息', '[13]', '2018-06-18', '86ms', 'no', '### Error querying database.  Cause: java.sql.SQLException: Subquery returns more than 1 row\r\n### The error may exist in file [D:\\newjava\\CRM_02\\ssmJava\\target\\ssmJava\\WEB-INF\\classes\\mapper\\RoleMapper.xml]\r\n### The error may involve defaultParameterMap\r\n### The error occurred while setting parameters\r\n### SQL: select Name from roles where Id= (select RoleId from userroles where UserId = ?)\r\n### Cause: java.sql.SQLException: Subquery returns more than 1 row\n; bad SQL grammar []; nested exception is java.sql.SQLException: Subquery returns more than 1 row'),
	(2213, 'root', 'role', 'selectModuleIdByRolesId', '根据角色的id来查询到所对应的各个模块id', '[13]', '2018-06-18', '11ms', 'ok', NULL),
	(2214, 'root', 'role', 'selectPermissionByUserId', '通过用户id查找用户所有权限', '[13]', '2018-06-18', '8ms', 'ok', NULL),
	(2215, 'root', 'role', 'selectModulesByModuleId', '通过模块id查询模块信息', '[[190,188,187,189,198,215,216,214]]', '2018-06-18', '6ms', 'ok', NULL),
	(2216, 'root', 'role', 'selectModulesByModuleId', '通过模块id查询模块信息', '[[190,188,187,189,198,215,216,214]]', '2018-06-18', '3ms', 'ok', NULL),
	(2217, 'root', 'role', 'selectModulesByModuleId', '通过模块id查询模块信息', '[[190,188,187,189,198,215,216,214]]', '2018-06-18', '5ms', 'ok', NULL),
	(2218, 'root', 'role', 'selectModulesByModuleId', '通过模块id查询模块信息', '[[190,188,187,189,198,215,216,214]]', '2018-06-18', '4ms', 'ok', NULL),
	(2219, 'root', 'role', 'selectModulesByModuleId', '通过模块id查询模块信息', '[[190,188,187,189,198,215,216,214]]', '2018-06-18', '3ms', 'ok', NULL),
	(2220, 'root', 'role', 'selectModulesByModuleId', '通过模块id查询模块信息', '[[190,188,187,189,198,215,216,214]]', '2018-06-18', '3ms', 'ok', NULL),
	(2221, 'root', 'role', 'selectModulesByModuleId', '通过模块id查询模块信息', '[[190,188,187,189,198,215,216,214]]', '2018-06-18', '4ms', 'ok', NULL),
	(2222, 'root', 'role', 'selectModulesByModuleId', '通过模块id查询模块信息', '[[190,188,187,189,198,215,216,214]]', '2018-06-18', '4ms', 'ok', NULL),
	(2223, 'root', 'role', 'selectModulesByModuleId', '通过模块id查询模块信息', '[[190,188,187,189,198,215,216,214]]', '2018-06-18', '7ms', 'ok', NULL),
	(2224, 'root', 'role', 'selectModulesByModuleId', '通过模块id查询模块信息', '[[190,188,187,189,198,215,216,214]]', '2018-06-18', '5ms', 'ok', NULL),
	(2225, 'root', 'role', 'selectModulesByModuleId', '通过模块id查询模块信息', '[[190,188,187,189,198,215,216,214]]', '2018-06-18', '4ms', 'ok', NULL),
	(2226, 'root', 'role', 'selectModulesByModuleId', '通过模块id查询模块信息', '[[190,188,187,189,198,215,216,214]]', '2018-06-18', '4ms', 'ok', NULL),
	(2227, 'root', 'role', 'selectModulesByModuleId', '通过模块id查询模块信息', '[[190,188,187,189,198,215,216,214]]', '2018-06-18', '3ms', 'ok', NULL),
	(2228, 'root', 'role', 'selectModulesByModuleId', '通过模块id查询模块信息', '[[190,188,187,189,198,215,216,214]]', '2018-06-18', '5ms', 'ok', NULL),
	(2229, 'root', 'role', 'selectModulesByModuleId', '通过模块id查询模块信息', '[[190,188,187,189,198,215,216,214]]', '2018-06-18', '3ms', 'ok', NULL),
	(2230, 'root', 'role', 'selectModulesByModuleId', '通过模块id查询模块信息', '[[190,188,187,189,198,215,216,214]]', '2018-06-18', '4ms', 'ok', NULL),
	(2231, 'root', 'role', 'selectModulesByModuleId', '通过模块id查询模块信息', '[[190,188,187,189,198,215,216,214]]', '2018-06-18', '4ms', 'ok', NULL),
	(2232, 'root', 'role', 'selectModulesByModuleId', '通过模块id查询模块信息', '[[190,188,187,189,198,215,216,214]]', '2018-06-18', '5ms', 'ok', NULL),
	(2233, 'root', 'role', 'selectModulesByModuleId', '通过模块id查询模块信息', '[[190,188,187,189,198,215,216,214]]', '2018-06-18', '4ms', 'ok', NULL),
	(2234, 'root', 'role', 'selectModulesByModuleId', '通过模块id查询模块信息', '[[190,188,187,189,198,215,216,214]]', '2018-06-18', '4ms', 'ok', NULL),
	(2235, 'root', 'role', 'selectModulesByModuleId', '通过模块id查询模块信息', '[[190,188,187,189,198,215,216,214]]', '2018-06-18', '3ms', 'ok', NULL),
	(2236, 'root', 'role', 'selectModulesByModuleId', '通过模块id查询模块信息', '[[190,188,187,189,198,215,216,214]]', '2018-06-18', '5ms', 'ok', NULL),
	(2237, 'root', 'role', 'selectModulesByModuleId', '通过模块id查询模块信息', '[[190,188,187,189,198,215,216,214]]', '2018-06-18', '4ms', 'ok', NULL),
	(2238, 'root', 'role', 'selectModulesByModuleId', '通过模块id查询模块信息', '[[190,188,187,189,198,215,216,214]]', '2018-06-18', '5ms', 'ok', NULL),
	(2239, 'root', 'role', 'selectAllUser', '查看所有用户列表', '[1,10]', '2018-06-18', '16ms', 'ok', NULL),
	(2240, 'root', 'role', 'selectAll', '查询所有的角色操作', '[1,10]', '2018-06-18', '6ms', 'ok', NULL),
	(2241, 'root', 'role', 'updateLoginIP', '记录上次登陆IP', '["ls","127.0.0.1"]', '2018-06-19', '1111ms', 'ok', NULL),
	(2242, 'root', 'role', 'selectUserByNameAndPassWord', '用户登录系统，根据用户名和密码来查询该用户是否存在', '["ls","774636e01ff9125c14096bea8d08e2dd"]', '2018-06-19', '297ms', 'ok', NULL),
	(2243, 'root', 'role', 'selectRoleIdByUserId', '根据用户id来查询到此用户具有的所有的角色id', '[13]', '2018-06-19', '16ms', 'ok', NULL),
	(2244, 'root', 'role', 'selectRoleByUserId', '通过用户id查询角色信息', '[13]', '2018-06-19', '921ms', 'no', '### Error querying database.  Cause: java.sql.SQLException: Subquery returns more than 1 row\r\n### The error may exist in file [D:\\newjava\\CRM_02\\ssmJava\\target\\ssmJava\\WEB-INF\\classes\\mapper\\RoleMapper.xml]\r\n### The error may involve defaultParameterMap\r\n### The error occurred while setting parameters\r\n### SQL: select Name from roles where Id= (select RoleId from userroles where UserId = ?)\r\n### Cause: java.sql.SQLException: Subquery returns more than 1 row\n; bad SQL grammar []; nested exception is java.sql.SQLException: Subquery returns more than 1 row'),
	(2245, 'root', 'role', 'selectModuleIdByRolesId', '根据角色的id来查询到所对应的各个模块id', '[13]', '2018-06-19', '31ms', 'ok', NULL),
	(2246, 'root', 'role', 'selectPermissionByUserId', '通过用户id查找用户所有权限', '[13]', '2018-06-19', '31ms', 'ok', NULL),
	(2247, 'root', 'role', 'selectModulesByModuleId', '通过模块id查询模块信息', '[[190,188,187,189,198,215,216,214]]', '2018-06-19', '11ms', 'ok', NULL),
	(2248, 'root', 'role', 'selectModulesByModuleId', '通过模块id查询模块信息', '[[190,188,187,189,198,215,216,214]]', '2018-06-19', '9ms', 'ok', NULL),
	(2249, 'root', 'role', 'updateLoginIP', '记录上次登陆IP', '["ls","127.0.0.1"]', '2018-06-19', '29ms', 'ok', NULL),
	(2250, 'root', 'role', 'selectUserByNameAndPassWord', '用户登录系统，根据用户名和密码来查询该用户是否存在', '["ls","774636e01ff9125c14096bea8d08e2dd"]', '2018-06-19', '22ms', 'ok', NULL),
	(2251, 'root', 'role', 'selectRoleIdByUserId', '根据用户id来查询到此用户具有的所有的角色id', '[13]', '2018-06-19', '5ms', 'ok', NULL),
	(2252, 'root', 'role', 'selectRoleByUserId', '通过用户id查询角色信息', '[13]', '2018-06-19', '97ms', 'no', '### Error querying database.  Cause: java.sql.SQLException: Subquery returns more than 1 row\r\n### The error may exist in file [D:\\newjava\\CRM_02\\ssmJava\\target\\ssmJava\\WEB-INF\\classes\\mapper\\RoleMapper.xml]\r\n### The error may involve defaultParameterMap\r\n### The error occurred while setting parameters\r\n### SQL: select Name from roles where Id= (select RoleId from userroles where UserId = ?)\r\n### Cause: java.sql.SQLException: Subquery returns more than 1 row\n; bad SQL grammar []; nested exception is java.sql.SQLException: Subquery returns more than 1 row'),
	(2253, 'root', 'role', 'selectModuleIdByRolesId', '根据角色的id来查询到所对应的各个模块id', '[13]', '2018-06-19', '64ms', 'ok', NULL),
	(2254, 'root', 'role', 'selectPermissionByUserId', '通过用户id查找用户所有权限', '[13]', '2018-06-19', '9ms', 'ok', NULL),
	(2255, 'root', 'role', 'selectModulesByModuleId', '通过模块id查询模块信息', '[[190,188,187,189,198,215,216,214]]', '2018-06-19', '9ms', 'ok', NULL),
	(2256, 'root', 'role', 'selectModulesByModuleId', '通过模块id查询模块信息', '[[190,188,187,189,198,215,216,214]]', '2018-06-19', '1486ms', 'ok', NULL),
	(2257, 'root', 'role', 'selectModulesByModuleId', '通过模块id查询模块信息', '[[190,188,187,189,198,215,216,214]]', '2018-06-19', '1543ms', 'ok', NULL),
	(2258, 'root', 'role', 'selectModulesByModuleId', '通过模块id查询模块信息', '[[190,188,187,189,198,215,216,214]]', '2018-06-19', '1600ms', 'ok', NULL),
	(2259, 'root', 'role', 'selectModulesByModuleId', '通过模块id查询模块信息', '[[190,188,187,189,198,215,216,214]]', '2018-06-19', '1298ms', 'ok', NULL),
	(2260, 'root', 'role', 'selectModulesByModuleId', '通过模块id查询模块信息', '[[190,188,187,189,198,215,216,214]]', '2018-06-19', '12ms', 'ok', NULL),
	(2261, 'root', 'role', 'selectModulesByModuleId', '通过模块id查询模块信息', '[[190,188,187,189,198,215,216,214]]', '2018-06-19', '5ms', 'ok', NULL),
	(2262, 'root', 'role', 'selectModulesByModuleId', '通过模块id查询模块信息', '[[190,188,187,189,198,215,216,214]]', '2018-06-19', '6ms', 'ok', NULL),
	(2263, 'root', 'role', 'selectModulesByModuleId', '通过模块id查询模块信息', '[[190,188,187,189,198,215,216,214]]', '2018-06-19', '1290ms', 'ok', NULL),
	(2264, 'root', 'role', 'selectModulesByModuleId', '通过模块id查询模块信息', '[[190,188,187,189,198,215,216,214]]', '2018-06-19', '1435ms', 'ok', NULL),
	(2265, 'root', 'role', 'selectModulesByModuleId', '通过模块id查询模块信息', '[[190,188,187,189,198,215,216,214]]', '2018-06-19', '1501ms', 'ok', NULL),
	(2266, 'root', 'role', 'selectModulesByModuleId', '通过模块id查询模块信息', '[[190,188,187,189,198,215,216,214]]', '2018-06-19', '1378ms', 'ok', NULL),
	(2267, 'root', 'role', 'selectModulesByModuleId', '通过模块id查询模块信息', '[[190,188,187,189,198,215,216,214]]', '2018-06-19', '8ms', 'ok', NULL),
	(2268, 'root', 'role', 'selectModulesByModuleId', '通过模块id查询模块信息', '[[190,188,187,189,198,215,216,214]]', '2018-06-19', '972ms', 'ok', NULL),
	(2269, 'root', 'role', 'selectModulesByModuleId', '通过模块id查询模块信息', '[[190,188,187,189,198,215,216,214]]', '2018-06-19', '825ms', 'ok', NULL),
	(2270, 'root', 'role', 'selectModulesByModuleId', '通过模块id查询模块信息', '[[190,188,187,189,198,215,216,214]]', '2018-06-19', '9ms', 'ok', NULL),
	(2271, 'root', 'role', 'selectModulesByModuleId', '通过模块id查询模块信息', '[[190,188,187,189,198,215,216,214]]', '2018-06-19', '6ms', 'ok', NULL),
	(2272, 'root', 'role', 'selectModulesByModuleId', '通过模块id查询模块信息', '[[190,188,187,189,198,215,216,214]]', '2018-06-19', '770ms', 'ok', NULL),
	(2273, 'root', 'role', 'selectModulesByModuleId', '通过模块id查询模块信息', '[[190,188,187,189,198,215,216,214]]', '2018-06-19', '8ms', 'ok', NULL),
	(2274, 'root', 'role', 'selectModulesByModuleId', '通过模块id查询模块信息', '[[190,188,187,189,198,215,216,214]]', '2018-06-19', '7ms', 'ok', NULL),
	(2275, 'root', 'role', 'selectModulesByModuleId', '通过模块id查询模块信息', '[[190,188,187,189,198,215,216,214]]', '2018-06-19', '10ms', 'ok', NULL),
	(2276, 'root', 'role', 'selectModulesByModuleId', '通过模块id查询模块信息', '[[190,188,187,189,198,215,216,214]]', '2018-06-19', '6ms', 'ok', NULL),
	(2277, 'root', 'role', 'selectModulesByModuleId', '通过模块id查询模块信息', '[[190,188,187,189,198,215,216,214]]', '2018-06-19', '5ms', 'ok', NULL),
	(2278, 'root', 'role', 'selectModulesByModuleId', '通过模块id查询模块信息', '[[190,188,187,189,198,215,216,214]]', '2018-06-19', '5ms', 'ok', NULL),
	(2279, 'root', 'role', 'selectModulesByModuleId', '通过模块id查询模块信息', '[[190,188,187,189,198,215,216,214]]', '2018-06-19', '6ms', 'ok', NULL),
	(2280, 'root', 'role', 'selectModulesByModuleId', '通过模块id查询模块信息', '[[190,188,187,189,198,215,216,214]]', '2018-06-19', '913ms', 'ok', NULL),
	(2281, 'root', 'role', 'selectModulesByModuleId', '通过模块id查询模块信息', '[[190,188,187,189,198,215,216,214]]', '2018-06-19', '10ms', 'ok', NULL),
	(2282, 'root', 'role', 'selectModulesByModuleId', '通过模块id查询模块信息', '[[190,188,187,189,198,215,216,214]]', '2018-06-19', '6ms', 'ok', NULL),
	(2283, 'root', 'role', 'updateLoginIP', '记录上次登陆IP', '["ls","127.0.0.1"]', '2018-06-20', '1115ms', 'ok', NULL),
	(2284, 'root', 'role', 'selectUserByNameAndPassWord', '用户登录系统，根据用户名和密码来查询该用户是否存在', '["ls","774636e01ff9125c14096bea8d08e2dd"]', '2018-06-20', '51ms', 'ok', NULL),
	(2285, 'root', 'role', 'selectRoleIdByUserId', '根据用户id来查询到此用户具有的所有的角色id', '[13]', '2018-06-20', '21ms', 'ok', NULL),
	(2286, 'root', 'role', 'selectRoleByUserId', '通过用户id查询角色信息', '[13]', '2018-06-20', '275ms', 'no', '### Error querying database.  Cause: java.sql.SQLException: Subquery returns more than 1 row\r\n### The error may exist in file [D:\\newjava\\CRM_02\\ssmJava\\target\\ssmJava\\WEB-INF\\classes\\mapper\\RoleMapper.xml]\r\n### The error may involve defaultParameterMap\r\n### The error occurred while setting parameters\r\n### SQL: select Name from roles where Id= (select RoleId from userroles where UserId = ?)\r\n### Cause: java.sql.SQLException: Subquery returns more than 1 row\n; bad SQL grammar []; nested exception is java.sql.SQLException: Subquery returns more than 1 row'),
	(2287, 'root', 'role', 'selectModuleIdByRolesId', '根据角色的id来查询到所对应的各个模块id', '[13]', '2018-06-20', '98ms', 'ok', NULL),
	(2288, 'root', 'role', 'selectPermissionByUserId', '通过用户id查找用户所有权限', '[13]', '2018-06-20', '109ms', 'ok', NULL),
	(2289, 'root', 'role', 'selectModulesByModuleId', '通过模块id查询模块信息', '[[190,188,187,189,198,215,216,214]]', '2018-06-20', '13ms', 'ok', NULL),
	(2290, 'root', 'role', 'selectModulesByModuleId', '通过模块id查询模块信息', '[[190,188,187,189,198,215,216,214]]', '2018-06-20', '8ms', 'ok', NULL),
	(2291, 'root', 'role', 'selectModulesByModuleId', '通过模块id查询模块信息', '[[190,188,187,189,198,215,216,214]]', '2018-06-20', '6ms', 'ok', NULL),
	(2292, 'root', 'role', 'updateLoginIP', '记录上次登陆IP', '["ls","127.0.0.1"]', '2018-06-20', '9ms', 'ok', NULL),
	(2293, 'root', 'role', 'selectUserByNameAndPassWord', '用户登录系统，根据用户名和密码来查询该用户是否存在', '["ls","774636e01ff9125c14096bea8d08e2dd"]', '2018-06-20', '12ms', 'ok', NULL),
	(2294, 'root', 'role', 'selectRoleIdByUserId', '根据用户id来查询到此用户具有的所有的角色id', '[13]', '2018-06-20', '9ms', 'ok', NULL),
	(2295, 'root', 'role', 'selectRoleByUserId', '通过用户id查询角色信息', '[13]', '2018-06-20', '73ms', 'no', '### Error querying database.  Cause: java.sql.SQLException: Subquery returns more than 1 row\r\n### The error may exist in file [D:\\newjava\\CRM_02\\ssmJava\\target\\ssmJava\\WEB-INF\\classes\\mapper\\RoleMapper.xml]\r\n### The error may involve defaultParameterMap\r\n### The error occurred while setting parameters\r\n### SQL: select Name from roles where Id= (select RoleId from userroles where UserId = ?)\r\n### Cause: java.sql.SQLException: Subquery returns more than 1 row\n; bad SQL grammar []; nested exception is java.sql.SQLException: Subquery returns more than 1 row'),
	(2296, 'root', 'role', 'selectModuleIdByRolesId', '根据角色的id来查询到所对应的各个模块id', '[13]', '2018-06-20', '5ms', 'ok', NULL),
	(2297, 'root', 'role', 'selectPermissionByUserId', '通过用户id查找用户所有权限', '[13]', '2018-06-20', '6ms', 'ok', NULL),
	(2298, 'root', 'role', 'selectModulesByModuleId', '通过模块id查询模块信息', '[[190,188,187,189,198,215,216,214]]', '2018-06-20', '6ms', 'ok', NULL),
	(2299, 'root', 'role', 'selectModulesByModuleId', '通过模块id查询模块信息', '[[190,188,187,189,198,215,216,214]]', '2018-06-20', '1388ms', 'ok', NULL),
	(2300, 'root', 'role', 'selectModulesByModuleId', '通过模块id查询模块信息', '[[190,188,187,189,198,215,216,214]]', '2018-06-20', '11ms', 'ok', NULL),
	(2301, 'root', 'role', 'selectModulesByModuleId', '通过模块id查询模块信息', '[[190,188,187,189,198,215,216,214]]', '2018-06-20', '9ms', 'ok', NULL),
	(2302, 'root', 'role', 'selectModulesByModuleId', '通过模块id查询模块信息', '[[190,188,187,189,198,215,216,214]]', '2018-06-20', '5ms', 'ok', NULL),
	(2303, 'root', 'role', 'selectModulesByModuleId', '通过模块id查询模块信息', '[[190,188,187,189,198,215,216,214]]', '2018-06-20', '5ms', 'ok', NULL),
	(2304, 'root', 'role', 'selectModulesByModuleId', '通过模块id查询模块信息', '[[190,188,187,189,198,215,216,214]]', '2018-06-20', '11ms', 'ok', NULL),
	(2305, 'root', 'role', 'selectModulesByModuleId', '通过模块id查询模块信息', '[[190,188,187,189,198,215,216,214]]', '2018-06-20', '5ms', 'ok', NULL),
	(2306, 'root', 'role', 'selectModulesByModuleId', '通过模块id查询模块信息', '[[190,188,187,189,198,215,216,214]]', '2018-06-20', '5ms', 'ok', NULL),
	(2307, 'root', 'role', 'selectModulesByModuleId', '通过模块id查询模块信息', '[[190,188,187,189,198,215,216,214]]', '2018-06-20', '5ms', 'ok', NULL),
	(2308, 'root', 'role', 'selectModulesByModuleId', '通过模块id查询模块信息', '[[190,188,187,189,198,215,216,214]]', '2018-06-20', '5ms', 'ok', NULL),
	(2309, 'root', 'role', 'selectModulesByModuleId', '通过模块id查询模块信息', '[[190,188,187,189,198,215,216,214]]', '2018-06-20', '4ms', 'ok', NULL),
	(2310, 'root', 'role', 'selectModulesByModuleId', '通过模块id查询模块信息', '[[190,188,187,189,198,215,216,214]]', '2018-06-20', '4ms', 'ok', NULL),
	(2311, 'root', 'role', 'selectModulesByModuleId', '通过模块id查询模块信息', '[[190,188,187,189,198,215,216,214]]', '2018-06-20', '5ms', 'ok', NULL),
	(2312, 'root', 'role', 'selectModulesByModuleId', '通过模块id查询模块信息', '[[190,188,187,189,198,215,216,214]]', '2018-06-20', '4ms', 'ok', NULL),
	(2313, 'root', 'role', 'selectModulesByModuleId', '通过模块id查询模块信息', '[[190,188,187,189,198,215,216,214]]', '2018-06-20', '4ms', 'ok', NULL),
	(2314, 'root', 'role', 'selectModulesByModuleId', '通过模块id查询模块信息', '[[190,188,187,189,198,215,216,214]]', '2018-06-20', '4ms', 'ok', NULL),
	(2315, 'root', 'role', 'selectModulesByModuleId', '通过模块id查询模块信息', '[[190,188,187,189,198,215,216,214]]', '2018-06-20', '4ms', 'ok', NULL),
	(2316, 'root', 'role', 'selectModulesByModuleId', '通过模块id查询模块信息', '[[190,188,187,189,198,215,216,214]]', '2018-06-20', '4ms', 'ok', NULL),
	(2317, 'root', 'role', 'selectModulesByModuleId', '通过模块id查询模块信息', '[[190,188,187,189,198,215,216,214]]', '2018-06-20', '4ms', 'ok', NULL),
	(2318, 'root', 'role', 'selectModulesByModuleId', '通过模块id查询模块信息', '[[190,188,187,189,198,215,216,214]]', '2018-06-20', '3ms', 'ok', NULL),
	(2319, 'root', 'role', 'selectModulesByModuleId', '通过模块id查询模块信息', '[[190,188,187,189,198,215,216,214]]', '2018-06-20', '3ms', 'ok', NULL),
	(2320, 'root', 'role', 'selectModulesByModuleId', '通过模块id查询模块信息', '[[190,188,187,189,198,215,216,214]]', '2018-06-20', '6ms', 'ok', NULL),
	(2321, 'root', 'role', 'selectModulesByModuleId', '通过模块id查询模块信息', '[[190,188,187,189,198,215,216,214]]', '2018-06-20', '1194ms', 'ok', NULL),
	(2322, 'root', 'role', 'selectModulesByModuleId', '通过模块id查询模块信息', '[[190,188,187,189,198,215,216,214]]', '2018-06-20', '9ms', 'ok', NULL),
	(2323, 'root', 'role', 'selectModulesByModuleId', '通过模块id查询模块信息', '[[190,188,187,189,198,215,216,214]]', '2018-06-20', '1383ms', 'ok', NULL),
	(2324, 'root', 'role', 'selectModulesByModuleId', '通过模块id查询模块信息', '[[190,188,187,189,198,215,216,214]]', '2018-06-20', '39ms', 'ok', NULL),
	(2325, 'root', 'role', 'selectModulesByModuleId', '通过模块id查询模块信息', '[[190,188,187,189,198,215,216,214]]', '2018-06-20', '5ms', 'ok', NULL),
	(2326, 'root', 'role', 'selectModulesByModuleId', '通过模块id查询模块信息', '[[190,188,187,189,198,215,216,214]]', '2018-06-20', '6ms', 'ok', NULL),
	(2327, 'root', 'role', 'selectModulesByModuleId', '通过模块id查询模块信息', '[[190,188,187,189,198,215,216,214]]', '2018-06-20', '5ms', 'ok', NULL),
	(2328, 'root', 'role', 'selectModulesByModuleId', '通过模块id查询模块信息', '[[190,188,187,189,198,215,216,214]]', '2018-06-20', '6ms', 'ok', NULL),
	(2329, 'root', 'role', 'selectModulesByModuleId', '通过模块id查询模块信息', '[[190,188,187,189,198,215,216,214]]', '2018-06-20', '5ms', 'ok', NULL),
	(2330, 'root', 'role', 'selectModulesByModuleId', '通过模块id查询模块信息', '[[190,188,187,189,198,215,216,214]]', '2018-06-20', '6ms', 'ok', NULL),
	(2331, 'root', 'role', 'selectModulesByModuleId', '通过模块id查询模块信息', '[[190,188,187,189,198,215,216,214]]', '2018-06-20', '4ms', 'ok', NULL),
	(2332, 'root', 'role', 'selectModulesByModuleId', '通过模块id查询模块信息', '[[190,188,187,189,198,215,216,214]]', '2018-06-20', '7ms', 'ok', NULL),
	(2333, 'root', 'role', 'selectModulesByModuleId', '通过模块id查询模块信息', '[[190,188,187,189,198,215,216,214]]', '2018-06-20', '5ms', 'ok', NULL),
	(2334, 'root', 'role', 'selectModulesByModuleId', '通过模块id查询模块信息', '[[190,188,187,189,198,215,216,214]]', '2018-06-20', '4ms', 'ok', NULL),
	(2335, 'root', 'role', 'selectModulesByModuleId', '通过模块id查询模块信息', '[[190,188,187,189,198,215,216,214]]', '2018-06-20', '5ms', 'ok', NULL),
	(2336, 'root', 'role', 'updateLoginIP', '记录上次登陆IP', '["ls","127.0.0.1"]', '2018-06-21', '782ms', 'ok', NULL),
	(2337, 'root', 'role', 'selectUserByNameAndPassWord', '用户登录系统，根据用户名和密码来查询该用户是否存在', '["ls","774636e01ff9125c14096bea8d08e2dd"]', '2018-06-21', '57ms', 'ok', NULL),
	(2338, 'root', 'role', 'selectRoleIdByUserId', '根据用户id来查询到此用户具有的所有的角色id', '[13]', '2018-06-21', '36ms', 'ok', NULL),
	(2339, 'root', 'role', 'selectRoleByUserId', '通过用户id查询角色信息', '[13]', '2018-06-21', '255ms', 'no', '### Error querying database.  Cause: java.sql.SQLException: Subquery returns more than 1 row\r\n### The error may exist in file [D:\\newjava\\CRM_02\\ssmJava\\target\\ssmJava\\WEB-INF\\classes\\mapper\\RoleMapper.xml]\r\n### The error may involve defaultParameterMap\r\n### The error occurred while setting parameters\r\n### SQL: select Name from roles where Id= (select RoleId from userroles where UserId = ?)\r\n### Cause: java.sql.SQLException: Subquery returns more than 1 row\n; bad SQL grammar []; nested exception is java.sql.SQLException: Subquery returns more than 1 row'),
	(2340, 'root', 'role', 'selectModuleIdByRolesId', '根据角色的id来查询到所对应的各个模块id', '[13]', '2018-06-21', '28ms', 'ok', NULL),
	(2341, 'root', 'role', 'selectPermissionByUserId', '通过用户id查找用户所有权限', '[13]', '2018-06-21', '33ms', 'ok', NULL),
	(2342, 'root', 'role', 'selectModulesByModuleId', '通过模块id查询模块信息', '[[190,188,187,189,198,215,216,214]]', '2018-06-21', '27ms', 'ok', NULL),
	(2343, 'root', 'role', 'selectModulesByModuleId', '通过模块id查询模块信息', '[[190,188,187,189,198,215,216,214]]', '2018-06-21', '45ms', 'ok', NULL),
	(2344, 'root', 'role', 'selectAllUser', '查看所有用户列表', '[1,10]', '2018-06-21', '15ms', 'ok', NULL),
	(2345, 'root', 'role', 'selectAll', '查询所有的角色操作', '[1,10]', '2018-06-21', '10ms', 'ok', NULL),
	(2346, 'root', 'role', 'selectNoModule', '查角色没有的模块操作', '[2]', '2018-06-21', '4ms', 'ok', NULL),
	(2347, 'root', 'role', 'selectModule', '查角色已有的模块操作', '[2]', '2018-06-21', '5ms', 'ok', NULL),
	(2348, 'root', 'role', 'selectRoleNoPermissions', '查询某一角色没有的权限的操作', '[4]', '2018-06-21', '5ms', 'ok', NULL),
	(2349, 'root', 'role', 'selectRolePermissions', '查询某一角色所拥有的权限的操作', '[4]', '2018-06-21', '7ms', 'ok', NULL),
	(2350, 'root', 'role', 'insertPermissionAndRole', '为角色添加权限的操作', '[4,9]', '2018-06-21', '4ms', 'ok', NULL),
	(2351, 'root', 'role', 'selectRoleNoPermissions', '查询某一角色没有的权限的操作', '[4]', '2018-06-21', '7ms', 'ok', NULL),
	(2352, 'root', 'role', 'selectRolePermissions', '查询某一角色所拥有的权限的操作', '[4]', '2018-06-21', '7ms', 'ok', NULL),
	(2353, 'root', 'role', 'deletePermissionAndRole', '为角色删除权限的操作', '[4,13]', '2018-06-21', '7ms', 'ok', NULL),
	(2354, 'root', 'role', 'selectRolePermissions', '查询某一角色所拥有的权限的操作', '[4]', '2018-06-21', '7ms', 'ok', NULL),
	(2355, 'root', 'role', 'selectRoleNoPermissions', '查询某一角色没有的权限的操作', '[4]', '2018-06-21', '12ms', 'ok', NULL),
	(2356, 'root', 'role', 'deletePermissionAndRole', '为角色删除权限的操作', '[4,11]', '2018-06-21', '5ms', 'ok', NULL),
	(2357, 'root', 'role', 'selectRoleNoPermissions', '查询某一角色没有的权限的操作', '[4]', '2018-06-21', '14ms', 'ok', NULL),
	(2358, 'root', 'role', 'selectRolePermissions', '查询某一角色所拥有的权限的操作', '[4]', '2018-06-21', '14ms', 'ok', NULL),
	(2359, 'root', 'role', 'deletePermissionAndRole', '为角色删除权限的操作', '[4,10]', '2018-06-21', '5ms', 'ok', NULL),
	(2360, 'root', 'role', 'selectRolePermissions', '查询某一角色所拥有的权限的操作', '[4]', '2018-06-21', '7ms', 'ok', NULL),
	(2361, 'root', 'role', 'selectRoleNoPermissions', '查询某一角色没有的权限的操作', '[4]', '2018-06-21', '9ms', 'ok', NULL),
	(2362, 'root', 'role', 'deletePermissionAndRole', '为角色删除权限的操作', '[4,9]', '2018-06-21', '5ms', 'ok', NULL),
	(2363, 'root', 'role', 'selectRolePermissions', '查询某一角色所拥有的权限的操作', '[4]', '2018-06-21', '7ms', 'ok', NULL),
	(2364, 'root', 'role', 'selectRoleNoPermissions', '查询某一角色没有的权限的操作', '[4]', '2018-06-21', '5ms', 'ok', NULL),
	(2365, 'root', 'role', 'deletePermissionAndRole', '为角色删除权限的操作', '[4,7]', '2018-06-21', '5ms', 'ok', NULL),
	(2366, 'root', 'role', 'selectRolePermissions', '查询某一角色所拥有的权限的操作', '[4]', '2018-06-21', '3ms', 'ok', NULL),
	(2367, 'root', 'role', 'selectRoleNoPermissions', '查询某一角色没有的权限的操作', '[4]', '2018-06-21', '5ms', 'ok', NULL),
	(2368, 'root', 'role', 'insertPermissionAndRole', '为角色添加权限的操作', '[4,6]', '2018-06-21', '4ms', 'ok', NULL),
	(2369, 'root', 'role', 'selectRolePermissions', '查询某一角色所拥有的权限的操作', '[4]', '2018-06-21', '4ms', 'ok', NULL),
	(2370, 'root', 'role', 'selectRoleNoPermissions', '查询某一角色没有的权限的操作', '[4]', '2018-06-21', '5ms', 'ok', NULL),
	(2371, 'root', 'role', 'insertPermissionAndRole', '为角色添加权限的操作', '[4,9]', '2018-06-21', '5ms', 'ok', NULL),
	(2372, 'root', 'role', 'selectRolePermissions', '查询某一角色所拥有的权限的操作', '[4]', '2018-06-21', '5ms', 'ok', NULL),
	(2373, 'root', 'role', 'selectRoleNoPermissions', '查询某一角色没有的权限的操作', '[4]', '2018-06-21', '4ms', 'ok', NULL),
	(2374, 'root', 'role', 'insertPermissionAndRole', '为角色添加权限的操作', '[4,11]', '2018-06-21', '5ms', 'ok', NULL),
	(2375, 'root', 'role', 'selectRolePermissions', '查询某一角色所拥有的权限的操作', '[4]', '2018-06-21', '3ms', 'ok', NULL),
	(2376, 'root', 'role', 'selectRoleNoPermissions', '查询某一角色没有的权限的操作', '[4]', '2018-06-21', '4ms', 'ok', NULL),
	(2377, 'root', 'role', 'insertPermissionAndRole', '为角色添加权限的操作', '[4,13]', '2018-06-21', '5ms', 'ok', NULL),
	(2378, 'root', 'role', 'selectRolePermissions', '查询某一角色所拥有的权限的操作', '[4]', '2018-06-21', '4ms', 'ok', NULL),
	(2379, 'root', 'role', 'selectRoleNoPermissions', '查询某一角色没有的权限的操作', '[4]', '2018-06-21', '10ms', 'ok', NULL),
	(2380, 'root', 'role', 'insertPermissionAndRole', '为角色添加权限的操作', '[4,16]', '2018-06-21', '4ms', 'ok', NULL),
	(2381, 'root', 'role', 'selectRolePermissions', '查询某一角色所拥有的权限的操作', '[4]', '2018-06-21', '3ms', 'ok', NULL),
	(2382, 'root', 'role', 'selectRoleNoPermissions', '查询某一角色没有的权限的操作', '[4]', '2018-06-21', '8ms', 'ok', NULL),
	(2383, 'root', 'role', 'insertPermissionAndRole', '为角色添加权限的操作', '[4,8]', '2018-06-21', '4ms', 'ok', NULL),
	(2384, 'root', 'role', 'selectRoleNoPermissions', '查询某一角色没有的权限的操作', '[4]', '2018-06-21', '3ms', 'ok', NULL),
	(2385, 'root', 'role', 'selectRolePermissions', '查询某一角色所拥有的权限的操作', '[4]', '2018-06-21', '3ms', 'ok', NULL),
	(2386, 'root', 'role', 'insertPermissionAndRole', '为角色添加权限的操作', '[4,14]', '2018-06-21', '5ms', 'ok', NULL),
	(2387, 'root', 'role', 'selectRoleNoPermissions', '查询某一角色没有的权限的操作', '[4]', '2018-06-21', '5ms', 'ok', NULL),
	(2388, 'root', 'role', 'selectRolePermissions', '查询某一角色所拥有的权限的操作', '[4]', '2018-06-21', '8ms', 'ok', NULL),
	(2389, 'root', 'role', 'insertPermissionAndRole', '为角色添加权限的操作', '[4,12]', '2018-06-21', '6ms', 'ok', NULL),
	(2390, 'root', 'role', 'selectRolePermissions', '查询某一角色所拥有的权限的操作', '[4]', '2018-06-21', '5ms', 'ok', NULL),
	(2391, 'root', 'role', 'selectRoleNoPermissions', '查询某一角色没有的权限的操作', '[4]', '2018-06-21', '4ms', 'ok', NULL),
	(2392, 'root', 'role', 'deletePermissionAndRole', '为角色删除权限的操作', '[4,11]', '2018-06-21', '4ms', 'ok', NULL),
	(2393, 'root', 'role', 'selectRolePermissions', '查询某一角色所拥有的权限的操作', '[4]', '2018-06-21', '4ms', 'ok', NULL),
	(2394, 'root', 'role', 'selectRoleNoPermissions', '查询某一角色没有的权限的操作', '[4]', '2018-06-21', '4ms', 'ok', NULL),
	(2395, 'root', 'role', 'deletePermissionAndRole', '为角色删除权限的操作', '[4,12]', '2018-06-21', '5ms', 'ok', NULL),
	(2396, 'root', 'role', 'selectRolePermissions', '查询某一角色所拥有的权限的操作', '[4]', '2018-06-21', '6ms', 'ok', NULL),
	(2397, 'root', 'role', 'selectRoleNoPermissions', '查询某一角色没有的权限的操作', '[4]', '2018-06-21', '5ms', 'ok', NULL),
	(2398, 'root', 'role', 'deletePermissionAndRole', '为角色删除权限的操作', '[4,14]', '2018-06-21', '6ms', 'ok', NULL),
	(2399, 'root', 'role', 'selectRolePermissions', '查询某一角色所拥有的权限的操作', '[4]', '2018-06-21', '3ms', 'ok', NULL),
	(2400, 'root', 'role', 'selectRoleNoPermissions', '查询某一角色没有的权限的操作', '[4]', '2018-06-21', '4ms', 'ok', NULL),
	(2401, 'root', 'role', 'deletePermissionAndRole', '为角色删除权限的操作', '[4,13]', '2018-06-21', '5ms', 'ok', NULL),
	(2402, 'root', 'role', 'selectRolePermissions', '查询某一角色所拥有的权限的操作', '[4]', '2018-06-21', '4ms', 'ok', NULL),
	(2403, 'root', 'role', 'selectRoleNoPermissions', '查询某一角色没有的权限的操作', '[4]', '2018-06-21', '7ms', 'ok', NULL),
	(2404, 'root', 'role', 'deletePermissionAndRole', '为角色删除权限的操作', '[4,9]', '2018-06-21', '4ms', 'ok', NULL),
	(2405, 'root', 'role', 'selectRolePermissions', '查询某一角色所拥有的权限的操作', '[4]', '2018-06-21', '3ms', 'ok', NULL),
	(2406, 'root', 'role', 'selectRoleNoPermissions', '查询某一角色没有的权限的操作', '[4]', '2018-06-21', '9ms', 'ok', NULL),
	(2407, 'root', 'role', 'insertPermissionAndRole', '为角色添加权限的操作', '[4,10]', '2018-06-21', '4ms', 'ok', NULL),
	(2408, 'root', 'role', 'selectRolePermissions', '查询某一角色所拥有的权限的操作', '[4]', '2018-06-21', '3ms', 'ok', NULL),
	(2409, 'root', 'role', 'selectRoleNoPermissions', '查询某一角色没有的权限的操作', '[4]', '2018-06-21', '3ms', 'ok', NULL),
	(2410, 'root', 'role', 'insertPermissionAndRole', '为角色添加权限的操作', '[4,9]', '2018-06-21', '5ms', 'ok', NULL),
	(2411, 'root', 'role', 'selectRoleNoPermissions', '查询某一角色没有的权限的操作', '[4]', '2018-06-21', '3ms', 'ok', NULL),
	(2412, 'root', 'role', 'selectRolePermissions', '查询某一角色所拥有的权限的操作', '[4]', '2018-06-21', '4ms', 'ok', NULL),
	(2413, 'root', 'role', 'insertPermissionAndRole', '为角色添加权限的操作', '[4,13]', '2018-06-21', '4ms', 'ok', NULL),
	(2414, 'root', 'role', 'selectRoleNoPermissions', '查询某一角色没有的权限的操作', '[4]', '2018-06-21', '3ms', 'ok', NULL),
	(2415, 'root', 'role', 'selectRolePermissions', '查询某一角色所拥有的权限的操作', '[4]', '2018-06-21', '3ms', 'ok', NULL),
	(2416, 'root', 'role', 'deletePermissionAndRole', '为角色删除权限的操作', '[4,9]', '2018-06-21', '5ms', 'ok', NULL),
	(2417, 'root', 'role', 'selectRolePermissions', '查询某一角色所拥有的权限的操作', '[4]', '2018-06-21', '3ms', 'ok', NULL),
	(2418, 'root', 'role', 'selectRoleNoPermissions', '查询某一角色没有的权限的操作', '[4]', '2018-06-21', '8ms', 'ok', NULL),
	(2419, 'root', 'role', 'deletePermissionAndRole', '为角色删除权限的操作', '[4,15]', '2018-06-21', '4ms', 'ok', NULL),
	(2420, 'root', 'role', 'selectRolePermissions', '查询某一角色所拥有的权限的操作', '[4]', '2018-06-21', '4ms', 'ok', NULL),
	(2421, 'root', 'role', 'selectRoleNoPermissions', '查询某一角色没有的权限的操作', '[4]', '2018-06-21', '6ms', 'ok', NULL),
	(2422, 'root', 'role', 'deletePermissionAndRole', '为角色删除权限的操作', '[4,10]', '2018-06-21', '5ms', 'ok', NULL),
	(2423, 'root', 'role', 'selectRolePermissions', '查询某一角色所拥有的权限的操作', '[4]', '2018-06-21', '4ms', 'ok', NULL),
	(2424, 'root', 'role', 'selectRoleNoPermissions', '查询某一角色没有的权限的操作', '[4]', '2018-06-21', '8ms', 'ok', NULL),
	(2425, 'root', 'role', 'updateLoginIP', '记录上次登陆IP', '["ls","127.0.0.1"]', '2018-06-23', '1227ms', 'ok', NULL),
	(2426, 'root', 'role', 'selectUserByNameAndPassWord', '用户登录系统，根据用户名和密码来查询该用户是否存在', '["ls","774636e01ff9125c14096bea8d08e2dd"]', '2018-06-23', '40ms', 'ok', NULL),
	(2427, 'root', 'role', 'selectRoleIdByUserId', '根据用户id来查询到此用户具有的所有的角色id', '[13]', '2018-06-23', '20ms', 'ok', NULL),
	(2428, 'root', 'role', 'selectRoleByUserId', '通过用户id查询角色信息', '[13]', '2018-06-23', '367ms', 'no', '### Error querying database.  Cause: java.sql.SQLException: Subquery returns more than 1 row\r\n### The error may exist in file [D:\\newjava\\CRM_02\\ssmJava\\target\\ssmJava\\WEB-INF\\classes\\mapper\\RoleMapper.xml]\r\n### The error may involve defaultParameterMap\r\n### The error occurred while setting parameters\r\n### SQL: select Name from roles where Id= (select RoleId from userroles where UserId = ?)\r\n### Cause: java.sql.SQLException: Subquery returns more than 1 row\n; bad SQL grammar []; nested exception is java.sql.SQLException: Subquery returns more than 1 row'),
	(2429, 'root', 'role', 'selectModuleIdByRolesId', '根据角色的id来查询到所对应的各个模块id', '[13]', '2018-06-23', '29ms', 'ok', NULL),
	(2430, 'root', 'role', 'selectPermissionByUserId', '通过用户id查找用户所有权限', '[13]', '2018-06-23', '54ms', 'ok', NULL),
	(2431, 'root', 'role', 'selectModulesByModuleId', '通过模块id查询模块信息', '[[190,188,187,189,198,215,216,214]]', '2018-06-23', '12ms', 'ok', NULL),
	(2432, 'root', 'role', 'selectModulesByModuleId', '通过模块id查询模块信息', '[[190,188,187,189,198,215,216,214]]', '2018-06-23', '9ms', 'ok', NULL),
	(2433, 'root', 'role', 'selectModulesByModuleId', '通过模块id查询模块信息', '[[190,188,187,189,198,215,216,214]]', '2018-06-23', '6ms', 'ok', NULL),
	(2434, 'root', 'role', 'selectModulesByModuleId', '通过模块id查询模块信息', '[[190,188,187,189,198,215,216,214]]', '2018-06-23', '1084ms', 'ok', NULL),
	(2435, 'root', 'role', 'selectModulesByModuleId', '通过模块id查询模块信息', '[[190,188,187,189,198,215,216,214]]', '2018-06-23', '8ms', 'ok', NULL),
	(2436, 'root', 'role', 'selectModulesByModuleId', '通过模块id查询模块信息', '[[190,188,187,189,198,215,216,214]]', '2018-06-23', '7ms', 'ok', NULL),
	(2437, 'root', 'role', 'selectModulesByModuleId', '通过模块id查询模块信息', '[[190,188,187,189,198,215,216,214]]', '2018-06-23', '11ms', 'ok', NULL),
	(2438, 'root', 'role', 'selectModulesByModuleId', '通过模块id查询模块信息', '[[190,188,187,189,198,215,216,214]]', '2018-06-23', '111ms', 'ok', NULL),
	(2439, 'root', 'role', 'selectModulesByModuleId', '通过模块id查询模块信息', '[[190,188,187,189,198,215,216,214]]', '2018-06-23', '8ms', 'ok', NULL),
	(2440, 'root', 'role', 'selectModulesByModuleId', '通过模块id查询模块信息', '[[190,188,187,189,198,215,216,214]]', '2018-06-23', '15ms', 'ok', NULL),
	(2441, 'root', 'role', 'selectModulesByModuleId', '通过模块id查询模块信息', '[[190,188,187,189,198,215,216,214]]', '2018-06-23', '6ms', 'ok', NULL),
	(2442, 'root', 'role', 'selectModulesByModuleId', '通过模块id查询模块信息', '[[190,188,187,189,198,215,216,214]]', '2018-06-23', '5ms', 'ok', NULL),
	(2443, 'root', 'role', 'selectModulesByModuleId', '通过模块id查询模块信息', '[[190,188,187,189,198,215,216,214]]', '2018-06-23', '6ms', 'ok', NULL),
	(2444, 'root', 'role', 'selectModulesByModuleId', '通过模块id查询模块信息', '[[190,188,187,189,198,215,216,214]]', '2018-06-23', '4ms', 'ok', NULL),
	(2445, 'root', 'role', 'selectModulesByModuleId', '通过模块id查询模块信息', '[[190,188,187,189,198,215,216,214]]', '2018-06-23', '6ms', 'ok', NULL),
	(2446, 'root', 'role', 'selectModulesByModuleId', '通过模块id查询模块信息', '[[190,188,187,189,198,215,216,214]]', '2018-06-23', '4ms', 'ok', NULL),
	(2447, 'root', 'role', 'selectModulesByModuleId', '通过模块id查询模块信息', '[[190,188,187,189,198,215,216,214]]', '2018-06-23', '4ms', 'ok', NULL),
	(2448, 'root', 'role', 'updateLoginIP', '记录上次登陆IP', '["ls","127.0.0.1"]', '2018-06-24', '926ms', 'ok', NULL),
	(2449, 'root', 'role', 'selectUserByNameAndPassWord', '用户登录系统，根据用户名和密码来查询该用户是否存在', '["ls","774636e01ff9125c14096bea8d08e2dd"]', '2018-06-24', '48ms', 'ok', NULL),
	(2450, 'root', 'role', 'selectRoleIdByUserId', '根据用户id来查询到此用户具有的所有的角色id', '[13]', '2018-06-24', '67ms', 'ok', NULL),
	(2451, 'root', 'role', 'selectRoleByUserId', '通过用户id查询角色信息', '[13]', '2018-06-24', '655ms', 'no', '### Error querying database.  Cause: java.sql.SQLException: Subquery returns more than 1 row\r\n### The error may exist in file [D:\\newjava\\CRM_02\\ssmJava\\target\\ssmJava\\WEB-INF\\classes\\mapper\\RoleMapper.xml]\r\n### The error may involve defaultParameterMap\r\n### The error occurred while setting parameters\r\n### SQL: select Name from roles where Id= (select RoleId from userroles where UserId = ?)\r\n### Cause: java.sql.SQLException: Subquery returns more than 1 row\n; bad SQL grammar []; nested exception is java.sql.SQLException: Subquery returns more than 1 row'),
	(2452, 'root', 'role', 'selectModuleIdByRolesId', '根据角色的id来查询到所对应的各个模块id', '[13]', '2018-06-24', '70ms', 'ok', NULL),
	(2453, 'root', 'role', 'selectPermissionByUserId', '通过用户id查找用户所有权限', '[13]', '2018-06-24', '263ms', 'ok', NULL),
	(2454, 'root', 'role', 'selectModulesByModuleId', '通过模块id查询模块信息', '[[190,188,187,189,198,215,216,214]]', '2018-06-24', '12ms', 'ok', NULL),
	(2455, 'root', 'role', 'selectModulesByModuleId', '通过模块id查询模块信息', '[[190,188,187,189,198,215,216,214]]', '2018-06-24', '7ms', 'ok', NULL),
	(2456, 'root', 'role', 'selectModulesByModuleId', '通过模块id查询模块信息', '[[190,188,187,189,198,215,216,214]]', '2018-06-24', '1397ms', 'ok', NULL),
	(2457, 'root', 'role', 'selectAllUser', '查看所有用户列表', '[1,10]', '2018-06-24', '115ms', 'ok', NULL),
	(2458, 'root', 'role', 'selectModulesByModuleId', '通过模块id查询模块信息', '[[190,188,187,189,198,215,216,214]]', '2018-06-24', '8ms', 'ok', NULL),
	(2459, 'root', 'role', 'selectModulesByModuleId', '通过模块id查询模块信息', '[[190,188,187,189,198,215,216,214]]', '2018-06-24', '5ms', 'ok', NULL),
	(2460, 'root', 'role', 'selectModulesByModuleId', '通过模块id查询模块信息', '[[190,188,187,189,198,215,216,214]]', '2018-06-24', '10ms', 'ok', NULL),
	(2461, 'root', 'role', 'selectModulesByModuleId', '通过模块id查询模块信息', '[[190,188,187,189,198,215,216,214]]', '2018-06-24', '5ms', 'ok', NULL),
	(2462, 'root', 'role', 'selectModulesByModuleId', '通过模块id查询模块信息', '[[190,188,187,189,198,215,216,214]]', '2018-06-24', '1425ms', 'ok', NULL),
	(2463, 'root', 'role', 'selectModulesByModuleId', '通过模块id查询模块信息', '[[190,188,187,189,198,215,216,214]]', '2018-06-24', '7ms', 'ok', NULL),
	(2464, 'root', 'role', 'selectModulesByModuleId', '通过模块id查询模块信息', '[[190,188,187,189,198,215,216,214]]', '2018-06-24', '4ms', 'ok', NULL),
	(2465, 'root', 'role', 'selectModulesByModuleId', '通过模块id查询模块信息', '[[190,188,187,189,198,215,216,214]]', '2018-06-24', '5ms', 'ok', NULL),
	(2466, 'root', 'role', 'selectModulesByModuleId', '通过模块id查询模块信息', '[[190,188,187,189,198,215,216,214]]', '2018-06-24', '1702ms', 'ok', NULL),
	(2467, 'root', 'role', 'selectModulesByModuleId', '通过模块id查询模块信息', '[[190,188,187,189,198,215,216,214]]', '2018-06-24', '1101ms', 'ok', NULL),
	(2468, 'root', 'role', 'selectModulesByModuleId', '通过模块id查询模块信息', '[[190,188,187,189,198,215,216,214]]', '2018-06-24', '84ms', 'ok', NULL),
	(2469, 'root', 'role', 'selectModulesByModuleId', '通过模块id查询模块信息', '[[190,188,187,189,198,215,216,214]]', '2018-06-24', '9ms', 'ok', NULL),
	(2470, 'root', 'role', 'selectModulesByModuleId', '通过模块id查询模块信息', '[[190,188,187,189,198,215,216,214]]', '2018-06-24', '7ms', 'ok', NULL),
	(2471, 'root', 'role', 'selectModulesByModuleId', '通过模块id查询模块信息', '[[190,188,187,189,198,215,216,214]]', '2018-06-24', '6ms', 'ok', NULL),
	(2472, 'root', 'role', 'selectAll', '查询所有的角色操作', '[1,10]', '2018-06-24', '40ms', 'ok', NULL),
	(2473, 'root', 'role', 'selectAll', '查询所有的角色操作', '[2,10]', '2018-06-24', '12ms', 'ok', NULL),
	(2474, 'root', 'role', 'selectNoModule', '查角色没有的模块操作', '[17]', '2018-06-24', '4ms', 'ok', NULL),
	(2475, 'root', 'role', 'selectModule', '查角色已有的模块操作', '[17]', '2018-06-24', '6ms', 'ok', NULL),
	(2476, 'root', 'role', 'selectRoleAndModuleById', '查询某一角色是否已具有指定的模块', '[17,217]', '2018-06-24', '5ms', 'ok', NULL),
	(2477, 'root', 'role', 'InsertRoleAndModuleById', '为角色分配模块的操作', '[17,217]', '2018-06-24', '5ms', 'ok', NULL),
	(2478, 'root', 'role', 'selectNoModule', '查角色没有的模块操作', '[17]', '2018-06-24', '5ms', 'ok', NULL),
	(2479, 'root', 'role', 'selectModule', '查角色已有的模块操作', '[17]', '2018-06-24', '6ms', 'ok', NULL),
	(2480, 'root', 'role', 'selectModulesByModuleId', '通过模块id查询模块信息', '[[190,188,187,189,198,215,216,214]]', '2018-06-24', '4ms', 'ok', NULL),
	(2481, 'root', 'role', 'selectAll', '查询所有的角色操作', '[1,10]', '2018-06-24', '5ms', 'ok', NULL),
	(2482, 'root', 'role', 'selectAll', '查询所有的角色操作', '[2,10]', '2018-06-24', '5ms', 'ok', NULL),
	(2483, 'root', 'role', 'selectRoleNoPermissions', '查询某一角色没有的权限的操作', '[17]', '2018-06-24', '26ms', 'ok', NULL),
	(2484, 'root', 'role', 'selectRolePermissions', '查询某一角色所拥有的权限的操作', '[17]', '2018-06-24', '42ms', 'ok', NULL),
	(2485, 'root', 'role', 'selectAll', '查询所有的角色操作', '[1,10]', '2018-06-24', '6ms', 'ok', NULL),
	(2486, 'root', 'role', 'selectAll', '查询所有的角色操作', '[2,10]', '2018-06-24', '10ms', 'ok', NULL),
	(2487, 'root', 'role', 'selectNoModule', '查角色没有的模块操作', '[17]', '2018-06-24', '4ms', 'ok', NULL),
	(2488, 'root', 'role', 'selectModule', '查角色已有的模块操作', '[17]', '2018-06-24', '7ms', 'ok', NULL),
	(2489, 'root', 'role', 'deleteModuleAndRoleByModuleId', '删除角色的某一模块的操作', '[17,217]', '2018-06-24', '6ms', 'ok', NULL),
	(2490, 'root', 'role', 'selectModule', '查角色已有的模块操作', '[17]', '2018-06-24', '5ms', 'ok', NULL),
	(2491, 'root', 'role', 'selectNoModule', '查角色没有的模块操作', '[17]', '2018-06-24', '4ms', 'ok', NULL),
	(2492, 'root', 'role', 'deleteModuleAndRoleByModuleId', '删除角色的某一模块的操作', '[17,215]', '2018-06-24', '6ms', 'ok', NULL),
	(2493, 'root', 'role', 'selectModule', '查角色已有的模块操作', '[17]', '2018-06-24', '9ms', 'ok', NULL),
	(2494, 'root', 'role', 'selectNoModule', '查角色没有的模块操作', '[17]', '2018-06-24', '10ms', 'ok', NULL),
	(2495, 'root', 'role', 'selectRoleAndModuleById', '查询某一角色是否已具有指定的模块', '[17,215]', '2018-06-24', '3ms', 'ok', NULL),
	(2496, 'root', 'role', 'InsertRoleAndModuleById', '为角色分配模块的操作', '[17,215]', '2018-06-24', '5ms', 'ok', NULL),
	(2497, 'root', 'role', 'selectModule', '查角色已有的模块操作', '[17]', '2018-06-24', '4ms', 'ok', NULL),
	(2498, 'root', 'role', 'selectNoModule', '查角色没有的模块操作', '[17]', '2018-06-24', '4ms', 'ok', NULL),
	(2499, 'root', 'role', 'selectRoleAndModuleById', '查询某一角色是否已具有指定的模块', '[17,217]', '2018-06-24', '3ms', 'ok', NULL),
	(2500, 'root', 'role', 'InsertRoleAndModuleById', '为角色分配模块的操作', '[17,217]', '2018-06-24', '6ms', 'ok', NULL),
	(2501, 'root', 'role', 'selectNoModule', '查角色没有的模块操作', '[17]', '2018-06-24', '2ms', 'ok', NULL),
	(2502, 'root', 'role', 'selectModule', '查角色已有的模块操作', '[17]', '2018-06-24', '4ms', 'ok', NULL),
	(2503, 'root', 'role', 'selectModulesByModuleId', '通过模块id查询模块信息', '[[190,188,187,189,198,215,216,214]]', '2018-06-24', '4ms', 'ok', NULL),
	(2504, 'root', 'role', 'selectModulesByModuleId', '通过模块id查询模块信息', '[[190,188,187,189,198,215,216,214]]', '2018-06-24', '3ms', 'ok', NULL),
	(2505, 'root', 'role', 'selectModulesByModuleId', '通过模块id查询模块信息', '[[190,188,187,189,198,215,216,214]]', '2018-06-24', '3ms', 'ok', NULL),
	(2506, 'root', 'role', 'updateLoginIP', '记录上次登陆IP', '["ls","127.0.0.1"]', '2018-06-24', '277ms', 'ok', NULL),
	(2507, 'root', 'role', 'selectUserByNameAndPassWord', '用户登录系统，根据用户名和密码来查询该用户是否存在', '["ls","774636e01ff9125c14096bea8d08e2dd"]', '2018-06-24', '4ms', 'ok', NULL),
	(2508, 'root', 'role', 'selectRoleIdByUserId', '根据用户id来查询到此用户具有的所有的角色id', '[13]', '2018-06-24', '10ms', 'ok', NULL),
	(2509, 'root', 'role', 'selectRoleByUserId', '通过用户id查询角色信息', '[13]', '2018-06-24', '1183ms', 'no', '### Error querying database.  Cause: java.sql.SQLException: Subquery returns more than 1 row\r\n### The error may exist in file [D:\\newjava\\CRM_02\\ssmJava\\target\\ssmJava\\WEB-INF\\classes\\mapper\\RoleMapper.xml]\r\n### The error may involve defaultParameterMap\r\n### The error occurred while setting parameters\r\n### SQL: select Name from roles where Id= (select RoleId from userroles where UserId = ?)\r\n### Cause: java.sql.SQLException: Subquery returns more than 1 row\n; bad SQL grammar []; nested exception is java.sql.SQLException: Subquery returns more than 1 row'),
	(2510, 'root', 'role', 'selectModuleIdByRolesId', '根据角色的id来查询到所对应的各个模块id', '[13]', '2018-06-24', '10ms', 'ok', NULL),
	(2511, 'root', 'role', 'selectPermissionByUserId', '通过用户id查找用户所有权限', '[13]', '2018-06-24', '186ms', 'ok', NULL),
	(2512, 'root', 'role', 'selectModulesByModuleId', '通过模块id查询模块信息', '[[190,188,187,189,216,215,217]]', '2018-06-24', '3ms', 'ok', NULL),
	(2513, 'root', 'role', 'selectAllUser', '查看所有用户列表', '[1,10]', '2018-06-24', '7ms', 'ok', NULL),
	(2514, 'root', 'role', 'insertAddUser', '添加用户', '["sun","110","603560688","110"]', '2018-06-24', '90ms', 'no', '### Error updating database.  Cause: com.mysql.jdbc.exceptions.jdbc4.MySQLIntegrityConstraintViolationException: Duplicate entry \'sun\' for key \'IndexUnique_LoginName\'\r\n### The error may involve defaultParameterMap\r\n### The error occurred while setting parameters\r\n### SQL: insert into users(LoginName,Password,ProtectEMail,protectMTel)        values (?,?,?,?)\r\n### Cause: com.mysql.jdbc.exceptions.jdbc4.MySQLIntegrityConstraintViolationException: Duplicate entry \'sun\' for key \'IndexUnique_LoginName\'\n; SQL []; Duplicate entry \'sun\' for key \'IndexUnique_LoginName\'; nested exception is com.mysql.jdbc.exceptions.jdbc4.MySQLIntegrityConstraintViolationException: Duplicate entry \'sun\' for key \'IndexUnique_LoginName\''),
	(2515, 'root', 'role', 'selectAllUser', '查看所有用户列表', '[1,10]', '2018-06-24', '10ms', 'ok', NULL),
	(2516, 'root', 'role', 'selectAllUser', '查看所有用户列表', '[2,10]', '2018-06-24', '5ms', 'ok', NULL),
	(2517, 'root', 'role', 'selectAllUser', '查看所有用户列表', '[1,10]', '2018-06-24', '6ms', 'ok', NULL),
	(2518, 'root', 'role', 'queryAllRoles', '查询所有角色信息', '[]', '2018-06-24', '3ms', 'ok', NULL),
	(2519, 'root', 'role', 'updateRoleName', '设置用户的角色', '["总经理","sun"]', '2018-06-24', '6ms', 'ok', NULL),
	(2520, 'root', 'role', 'selectAllUser', '查看所有用户列表', '[1,10]', '2018-06-24', '5ms', 'ok', NULL),
	(2521, 'root', 'role', 'selectAll', '查询所有的角色操作', '[1,10]', '2018-06-24', '4ms', 'ok', NULL),
	(2522, 'root', 'role', 'selectModulesByModuleId', '通过模块id查询模块信息', '[[190,188,187,189,216,215,217]]', '2018-06-24', '3ms', 'ok', NULL),
	(2523, 'root', 'role', 'selectModulesByModuleId', '通过模块id查询模块信息', '[[190,188,187,189,216,215,217]]', '2018-06-24', '4ms', 'ok', NULL),
	(2524, 'root', 'role', 'selectModulesByModuleId', '通过模块id查询模块信息', '[[190,188,187,189,216,215,217]]', '2018-06-24', '4ms', 'ok', NULL),
	(2525, 'root', 'role', 'selectModulesByModuleId', '通过模块id查询模块信息', '[[190,188,187,189,216,215,217]]', '2018-06-24', '3ms', 'ok', NULL),
	(2526, 'root', 'role', 'selectModulesByModuleId', '通过模块id查询模块信息', '[[190,188,187,189,216,215,217]]', '2018-06-24', '4ms', 'ok', NULL),
	(2527, 'root', 'role', 'selectModulesByModuleId', '通过模块id查询模块信息', '[[190,188,187,189,216,215,217]]', '2018-06-24', '3ms', 'ok', NULL),
	(2528, 'root', 'role', 'selectModulesByModuleId', '通过模块id查询模块信息', '[[190,188,187,189,216,215,217]]', '2018-06-24', '3ms', 'ok', NULL),
	(2529, 'root', 'role', 'selectModulesByModuleId', '通过模块id查询模块信息', '[[190,188,187,189,216,215,217]]', '2018-06-24', '3ms', 'ok', NULL),
	(2530, 'root', 'role', 'selectModulesByModuleId', '通过模块id查询模块信息', '[[190,188,187,189,216,215,217]]', '2018-06-24', '3ms', 'ok', NULL),
	(2531, 'root', 'role', 'selectModulesByModuleId', '通过模块id查询模块信息', '[[190,188,187,189,216,215,217]]', '2018-06-24', '3ms', 'ok', NULL),
	(2532, 'root', 'role', 'selectModulesByModuleId', '通过模块id查询模块信息', '[[190,188,187,189,216,215,217]]', '2018-06-24', '4ms', 'ok', NULL),
	(2533, 'root', 'role', 'selectModulesByModuleId', '通过模块id查询模块信息', '[[190,188,187,189,216,215,217]]', '2018-06-24', '3ms', 'ok', NULL),
	(2534, 'root', 'role', 'selectModulesByModuleId', '通过模块id查询模块信息', '[[190,188,187,189,216,215,217]]', '2018-06-24', '4ms', 'ok', NULL),
	(2535, 'root', 'role', 'selectModulesByModuleId', '通过模块id查询模块信息', '[[190,188,187,189,216,215,217]]', '2018-06-24', '2ms', 'ok', NULL),
	(2536, 'root', 'role', 'updateLoginIP', '记录上次登陆IP', '["sun","127.0.0.1"]', '2018-06-24', '11ms', 'ok', NULL),
	(2537, 'root', 'role', 'selectUserByNameAndPassWord', '用户登录系统，根据用户名和密码来查询该用户是否存在', '["sun","6b43abbb778271822ce48bbae03ab66d"]', '2018-06-24', '3ms', 'ok', NULL),
	(2538, 'root', 'role', 'updateLoginIP', '记录上次登陆IP', '["sun","127.0.0.1"]', '2018-06-24', '6ms', 'ok', NULL),
	(2539, 'root', 'role', 'selectUserByNameAndPassWord', '用户登录系统，根据用户名和密码来查询该用户是否存在', '["sun","6b43abbb778271822ce48bbae03ab66d"]', '2018-06-24', '2ms', 'ok', NULL),
	(2540, 'root', 'role', 'updateLoginIP', '记录上次登陆IP', '["sun","127.0.0.1"]', '2018-06-24', '5ms', 'ok', NULL),
	(2541, 'root', 'role', 'selectUserByNameAndPassWord', '用户登录系统，根据用户名和密码来查询该用户是否存在', '["sun","774636e01ff9125c14096bea8d08e2dd"]', '2018-06-24', '7ms', 'ok', NULL),
	(2542, 'root', 'role', 'selectRoleIdByUserId', '根据用户id来查询到此用户具有的所有的角色id', '[17]', '2018-06-24', '4ms', 'ok', NULL),
	(2543, 'root', 'role', 'selectRoleByUserId', '通过用户id查询角色信息', '[17]', '2018-06-24', '12ms', 'ok', NULL),
	(2544, 'root', 'role', 'selectModuleIdByRolesId', '根据角色的id来查询到所对应的各个模块id', '[17]', '2018-06-24', '4ms', 'ok', NULL),
	(2545, 'root', 'role', 'selectPermissionByUserId', '通过用户id查找用户所有权限', '[17]', '2018-06-24', '5ms', 'ok', NULL),
	(2546, 'root', 'role', 'selectModulesByModuleId', '通过模块id查询模块信息', '[[190,188,187,189,216,215,217]]', '2018-06-24', '3ms', 'ok', NULL),
	(2547, 'root', 'role', 'selectAllUser', '查看所有用户列表', '[1,10]', '2018-06-24', '4ms', 'ok', NULL),
	(2548, 'root', 'role', 'selectAll', '查询所有的角色操作', '[1,10]', '2018-06-24', '4ms', 'ok', NULL),
	(2549, 'root', 'role', 'selectModulesByModuleId', '通过模块id查询模块信息', '[[190,188,187,189,216,215,217]]', '2018-06-24', '3ms', 'ok', NULL),
	(2550, 'root', 'role', 'selectModulesByModuleId', '通过模块id查询模块信息', '[[190,188,187,189,216,215,217]]', '2018-06-24', '3ms', 'ok', NULL),
	(2551, 'root', 'role', 'updateLoginIP', '记录上次登陆IP', '["sun","127.0.0.1"]', '2018-06-24', '4ms', 'ok', NULL),
	(2552, 'root', 'role', 'selectUserByNameAndPassWord', '用户登录系统，根据用户名和密码来查询该用户是否存在', '["sun","774636e01ff9125c14096bea8d08e2dd"]', '2018-06-24', '2ms', 'ok', NULL),
	(2553, 'root', 'role', 'selectRoleIdByUserId', '根据用户id来查询到此用户具有的所有的角色id', '[17]', '2018-06-24', '5ms', 'ok', NULL),
	(2554, 'root', 'role', 'selectRoleByUserId', '通过用户id查询角色信息', '[17]', '2018-06-24', '11ms', 'ok', NULL),
	(2555, 'root', 'role', 'selectModuleIdByRolesId', '根据角色的id来查询到所对应的各个模块id', '[17]', '2018-06-24', '6ms', 'ok', NULL),
	(2556, 'root', 'role', 'selectPermissionByUserId', '通过用户id查找用户所有权限', '[17]', '2018-06-24', '4ms', 'ok', NULL),
	(2557, 'root', 'role', 'selectModulesByModuleId', '通过模块id查询模块信息', '[[190,188,187,189,216,215,217]]', '2018-06-24', '6ms', 'ok', NULL),
	(2558, 'root', 'role', 'selectModulesByModuleId', '通过模块id查询模块信息', '[[190,188,187,189,216,215,217]]', '2018-06-24', '3ms', 'ok', NULL),
	(2559, 'root', 'role', 'updateLoginIP', '记录上次登陆IP', '["sun","127.0.0.1"]', '2018-06-24', '6ms', 'ok', NULL),
	(2560, 'root', 'role', 'selectUserByNameAndPassWord', '用户登录系统，根据用户名和密码来查询该用户是否存在', '["sun","774636e01ff9125c14096bea8d08e2dd"]', '2018-06-24', '4ms', 'ok', NULL),
	(2561, 'root', 'role', 'selectRoleIdByUserId', '根据用户id来查询到此用户具有的所有的角色id', '[17]', '2018-06-24', '3ms', 'ok', NULL),
	(2562, 'root', 'role', 'selectRoleByUserId', '通过用户id查询角色信息', '[17]', '2018-06-24', '3ms', 'ok', NULL),
	(2563, 'root', 'role', 'selectModuleIdByRolesId', '根据角色的id来查询到所对应的各个模块id', '[17]', '2018-06-24', '3ms', 'ok', NULL),
	(2564, 'root', 'role', 'selectPermissionByUserId', '通过用户id查找用户所有权限', '[17]', '2018-06-24', '5ms', 'ok', NULL),
	(2565, 'root', 'role', 'selectModulesByModuleId', '通过模块id查询模块信息', '[[190,188,187,189,216,215,217]]', '2018-06-24', '5ms', 'ok', NULL),
	(2566, 'root', 'role', 'selectModulesByModuleId', '通过模块id查询模块信息', '[[190,188,187,189,216,215,217]]', '2018-06-24', '5ms', 'ok', NULL),
	(2567, 'root', 'role', 'selectModulesByModuleId', '通过模块id查询模块信息', '[[190,188,187,189,216,215,217]]', '2018-06-24', '3ms', 'ok', NULL),
	(2568, 'root', 'role', 'selectAllUser', '查看所有用户列表', '[1,10]', '2018-06-24', '5ms', 'ok', NULL),
	(2569, 'root', 'role', 'selectAllUser', '查看所有用户列表', '[2,10]', '2018-06-24', '5ms', 'ok', NULL),
	(2570, 'root', 'role', 'selectAllUser', '查看所有用户列表', '[1,10]', '2018-06-24', '6ms', 'ok', NULL),
	(2571, 'root', 'role', 'insertAddUser', '添加用户', '["SAD","123456","qw4551","645156"]', '2018-06-24', '90ms', 'no', '### Error updating database.  Cause: com.mysql.jdbc.exceptions.jdbc4.MySQLIntegrityConstraintViolationException: Duplicate entry \'SAD\' for key \'IndexUnique_LoginName\'\r\n### The error may involve defaultParameterMap\r\n### The error occurred while setting parameters\r\n### SQL: insert into users(LoginName,Password,ProtectEMail,protectMTel)        values (?,?,?,?)\r\n### Cause: com.mysql.jdbc.exceptions.jdbc4.MySQLIntegrityConstraintViolationException: Duplicate entry \'SAD\' for key \'IndexUnique_LoginName\'\n; SQL []; Duplicate entry \'SAD\' for key \'IndexUnique_LoginName\'; nested exception is com.mysql.jdbc.exceptions.jdbc4.MySQLIntegrityConstraintViolationException: Duplicate entry \'SAD\' for key \'IndexUnique_LoginName\''),
	(2572, 'root', 'role', 'selectAllUser', '查看所有用户列表', '[1,10]', '2018-06-24', '5ms', 'ok', NULL),
	(2573, 'root', 'role', 'selectAllUser', '查看所有用户列表', '[2,10]', '2018-06-24', '5ms', 'ok', NULL),
	(2574, 'root', 'role', 'selectAllUser', '查看所有用户列表', '[1,10]', '2018-06-24', '4ms', 'ok', NULL),
	(2575, 'root', 'role', 'selectAllUser', '查看所有用户列表', '[2,10]', '2018-06-24', '5ms', 'ok', NULL),
	(2576, 'root', 'role', 'selectAllUser', '查看所有用户列表', '[1,10]', '2018-06-24', '4ms', 'ok', NULL),
	(2577, 'root', 'role', 'selectAllUser', '查看所有用户列表', '[2,10]', '2018-06-24', '4ms', 'ok', NULL),
	(2578, 'root', 'role', 'selectAllUser', '查看所有用户列表', '[1,10]', '2018-06-24', '5ms', 'ok', NULL),
	(2579, 'root', 'role', 'selectAllUser', '查看所有用户列表', '[2,10]', '2018-06-24', '5ms', 'ok', NULL),
	(2580, 'root', 'role', 'selectModulesByModuleId', '通过模块id查询模块信息', '[[190,188,187,189,216,215,217]]', '2018-06-24', '2ms', 'ok', NULL),
	(2581, 'root', 'role', 'selectAllUser', '查看所有用户列表', '[1,10]', '2018-06-24', '5ms', 'ok', NULL),
	(2582, 'root', 'role', 'selectAllUser', '查看所有用户列表', '[2,10]', '2018-06-24', '4ms', 'ok', NULL),
	(2583, 'root', 'role', 'selectAllUser', '查看所有用户列表', '[1,10]', '2018-06-24', '5ms', 'ok', NULL),
	(2584, 'root', 'role', 'updateLoginIP', '记录上次登陆IP', '["ls","127.0.0.1"]', '2018-06-24', '1040ms', 'ok', NULL),
	(2585, 'root', 'role', 'selectUserByNameAndPassWord', '用户登录系统，根据用户名和密码来查询该用户是否存在', '["ls","774636e01ff9125c14096bea8d08e2dd"]', '2018-06-24', '50ms', 'ok', NULL),
	(2586, 'root', 'role', 'selectRoleIdByUserId', '根据用户id来查询到此用户具有的所有的角色id', '[13]', '2018-06-24', '25ms', 'ok', NULL),
	(2587, 'root', 'role', 'selectRoleByUserId', '通过用户id查询角色信息', '[13]', '2018-06-24', '412ms', 'no', '### Error querying database.  Cause: java.sql.SQLException: Subquery returns more than 1 row\r\n### The error may exist in file [D:\\newjava\\CRM_02\\ssmJava\\target\\ssmJava\\WEB-INF\\classes\\mapper\\mysql\\RoleMapper.xml]\r\n### The error may involve defaultParameterMap\r\n### The error occurred while setting parameters\r\n### SQL: select Name from roles where Id= (select RoleId from userroles where UserId = ?)\r\n### Cause: java.sql.SQLException: Subquery returns more than 1 row\n; bad SQL grammar []; nested exception is java.sql.SQLException: Subquery returns more than 1 row'),
	(2588, 'root', 'role', 'selectModuleIdByRolesId', '根据角色的id来查询到所对应的各个模块id', '[13]', '2018-06-24', '39ms', 'ok', NULL),
	(2589, 'root', 'role', 'selectPermissionByUserId', '通过用户id查找用户所有权限', '[13]', '2018-06-24', '71ms', 'ok', NULL),
	(2590, 'root', 'role', 'selectModulesByModuleId', '通过模块id查询模块信息', '[[190,188,187,189,216,215,217]]', '2018-06-24', '12ms', 'ok', NULL),
	(2591, 'root', 'role', 'updateLoginIP', '记录上次登陆IP', '["sun","127.0.0.1"]', '2018-06-25', '942ms', 'ok', NULL),
	(2592, 'root', 'role', 'selectUserByNameAndPassWord', '用户登录系统，根据用户名和密码来查询该用户是否存在', '["sun","774636e01ff9125c14096bea8d08e2dd"]', '2018-06-25', '36ms', 'ok', NULL),
	(2593, 'root', 'role', 'selectRoleIdByUserId', '根据用户id来查询到此用户具有的所有的角色id', '[17]', '2018-06-25', '31ms', 'ok', NULL),
	(2594, 'root', 'role', 'selectRoleByUserId', '通过用户id查询角色信息', '[17]', '2018-06-25', '14ms', 'ok', NULL),
	(2595, 'root', 'role', 'selectModuleIdByRolesId', '根据角色的id来查询到所对应的各个模块id', '[17]', '2018-06-25', '26ms', 'ok', NULL),
	(2596, 'root', 'role', 'selectPermissionByUserId', '通过用户id查找用户所有权限', '[17]', '2018-06-25', '71ms', 'ok', NULL),
	(2597, 'root', 'role', 'selectModulesByModuleId', '通过模块id查询模块信息', '[[190,188,187,189,216,215,217]]', '2018-06-25', '18ms', 'ok', NULL),
	(2598, 'root', 'role', 'selectAllUser', '查看所有用户列表', '[1,10]', '2018-06-25', '23ms', 'ok', NULL),
	(2599, 'root', 'role', 'queryAllRoles', '查询所有角色信息', '[]', '2018-06-25', '7ms', 'ok', NULL),
	(2600, 'root', 'role', 'selectAll', '查询所有的角色操作', '[1,10]', '2018-06-25', '13ms', 'ok', NULL),
	(2601, 'root', 'role', 'updateLoginIP', '记录上次登陆IP', '["ls","127.0.0.1"]', '2018-06-26', '157ms', 'ok', NULL),
	(2602, 'root', 'role', 'selectUserByNameAndPassWord', '用户登录系统，根据用户名和密码来查询该用户是否存在', '["ls","774636e01ff9125c14096bea8d08e2dd"]', '2018-06-26', '41ms', 'ok', NULL),
	(2603, 'root', 'role', 'selectRoleIdByUserId', '根据用户id来查询到此用户具有的所有的角色id', '[13]', '2018-06-26', '62ms', 'ok', NULL),
	(2604, 'root', 'role', 'selectRoleByUserId', '通过用户id查询角色信息', '[13]', '2018-06-26', '600ms', 'no', '### Error querying database.  Cause: java.sql.SQLException: Subquery returns more than 1 row\r\n### The error may exist in file [D:\\newjava\\CRM_02\\ssmJava\\target\\ssmJava\\WEB-INF\\classes\\mapper\\mysql\\RoleMapper.xml]\r\n### The error may involve defaultParameterMap\r\n### The error occurred while setting parameters\r\n### SQL: select Name from roles where Id= (select RoleId from userroles where UserId = ?)\r\n### Cause: java.sql.SQLException: Subquery returns more than 1 row\n; bad SQL grammar []; nested exception is java.sql.SQLException: Subquery returns more than 1 row'),
	(2605, 'root', 'role', 'selectModuleIdByRolesId', '根据角色的id来查询到所对应的各个模块id', '[13]', '2018-06-26', '94ms', 'ok', NULL),
	(2606, 'root', 'role', 'selectPermissionByUserId', '通过用户id查找用户所有权限', '[13]', '2018-06-26', '15ms', 'ok', NULL),
	(2607, 'root', 'role', 'selectModulesByModuleId', '通过模块id查询模块信息', '[[190,188,187,189,216,215,217]]', '2018-06-26', '10ms', 'ok', NULL),
	(2608, 'root', 'role', 'selectModulesByModuleId', '通过模块id查询模块信息', '[[190,188,187,189,216,215,217]]', '2018-06-26', '4ms', 'ok', NULL),
	(2609, 'root', 'role', 'selectModulesByModuleId', '通过模块id查询模块信息', '[[190,188,187,189,216,215,217]]', '2018-06-26', '10ms', 'ok', NULL),
	(2610, 'root', 'role', 'selectModulesByModuleId', '通过模块id查询模块信息', '[[190,188,187,189,216,215,217]]', '2018-06-26', '3ms', 'ok', NULL),
	(2611, 'root', 'role', 'updateLoginIP', '记录上次登陆IP', '["sun","127.0.0.1"]', '2018-06-26', '203ms', 'ok', NULL),
	(2612, 'root', 'role', 'selectUserByNameAndPassWord', '用户登录系统，根据用户名和密码来查询该用户是否存在', '["sun","774636e01ff9125c14096bea8d08e2dd"]', '2018-06-26', '35ms', 'ok', NULL),
	(2613, 'root', 'role', 'selectRoleIdByUserId', '根据用户id来查询到此用户具有的所有的角色id', '[17]', '2018-06-26', '19ms', 'ok', NULL),
	(2614, 'root', 'role', 'selectRoleByUserId', '通过用户id查询角色信息', '[17]', '2018-06-26', '5ms', 'ok', NULL),
	(2615, 'root', 'role', 'selectModuleIdByRolesId', '根据角色的id来查询到所对应的各个模块id', '[17]', '2018-06-26', '33ms', 'ok', NULL),
	(2616, 'root', 'role', 'selectPermissionByUserId', '通过用户id查找用户所有权限', '[17]', '2018-06-26', '41ms', 'ok', NULL),
	(2617, 'root', 'role', 'selectModulesByModuleId', '通过模块id查询模块信息', '[[190,188,187,189,216,215,217]]', '2018-06-26', '9ms', 'ok', NULL),
	(2618, 'root', 'role', 'selectUserByNameAndPassWord', '?????????????????????????', '["sun","09095e522c0edeef3e2c2add4c3dc8f6"]', '2018-07-04', '757ms', 'no', '### Error querying database.  Cause: com.mysql.jdbc.exceptions.jdbc4.MySQLSyntaxErrorException: Unknown column \'LoginIP\' in \'field list\'\r\n### The error may exist in file [D:\\beifen\\IdeaProjects\\ssmJava\\target\\myMaven\\WEB-INF\\classes\\mapper\\mysql\\UserMapper.xml]\r\n### The error may involve defaultParameterMap\r\n### The error occurred while setting parameters\r\n### SQL: select                   Id, LoginName, Password, IsLockout, LastLoginTime, PsdWrongTime, LockTime, ProtectEMail,         protectMTel, CreateTime, LoginIP               from users         where LoginName=? and Password=?\r\n### Cause: com.mysql.jdbc.exceptions.jdbc4.MySQLSyntaxErrorException: Unknown column \'LoginIP\' in \'field list\'\n; bad SQL grammar []; nested exception is com.mysql.jdbc.exceptions.jdbc4.MySQLSyntaxErrorException: Unknown column \'LoginIP\' in \'field list\''),
	(2619, 'root', 'role', 'selectUserByNameAndPassWord', '?????????????????????????', '["sun","09095e522c0edeef3e2c2add4c3dc8f6"]', '2018-07-04', '89ms', 'no', '### Error querying database.  Cause: com.mysql.jdbc.exceptions.jdbc4.MySQLSyntaxErrorException: Unknown column \'LoginIP\' in \'field list\'\r\n### The error may exist in file [D:\\beifen\\IdeaProjects\\ssmJava\\target\\myMaven\\WEB-INF\\classes\\mapper\\mysql\\UserMapper.xml]\r\n### The error may involve defaultParameterMap\r\n### The error occurred while setting parameters\r\n### SQL: select                   Id, LoginName, Password, IsLockout, LastLoginTime, PsdWrongTime, LockTime, ProtectEMail,         protectMTel, CreateTime, LoginIP               from users         where LoginName=? and Password=?\r\n### Cause: com.mysql.jdbc.exceptions.jdbc4.MySQLSyntaxErrorException: Unknown column \'LoginIP\' in \'field list\'\n; bad SQL grammar []; nested exception is com.mysql.jdbc.exceptions.jdbc4.MySQLSyntaxErrorException: Unknown column \'LoginIP\' in \'field list\''),
	(2620, 'root', 'role', 'selectUserByNameAndPassWord', '?????????????????????????', '["ls","15312aaf8fe0af1e961af38cb9b8e4a2"]', '2018-07-04', '102ms', 'no', '### Error querying database.  Cause: com.mysql.jdbc.exceptions.jdbc4.MySQLSyntaxErrorException: Unknown column \'LoginIP\' in \'field list\'\r\n### The error may exist in file [D:\\beifen\\IdeaProjects\\ssmJava\\target\\myMaven\\WEB-INF\\classes\\mapper\\mysql\\UserMapper.xml]\r\n### The error may involve defaultParameterMap\r\n### The error occurred while setting parameters\r\n### SQL: select                   Id, LoginName, Password, IsLockout, LastLoginTime, PsdWrongTime, LockTime, ProtectEMail,         protectMTel, CreateTime, LoginIP               from users         where LoginName=? and Password=?\r\n### Cause: com.mysql.jdbc.exceptions.jdbc4.MySQLSyntaxErrorException: Unknown column \'LoginIP\' in \'field list\'\n; bad SQL grammar []; nested exception is com.mysql.jdbc.exceptions.jdbc4.MySQLSyntaxErrorException: Unknown column \'LoginIP\' in \'field list\''),
	(2621, 'root', 'role', 'selectUserByNameAndPassWord', '?????????????????????????', '["amin","422bc3bac0158dbf98d8a4a4023edd50"]', '2018-07-04', '95ms', 'no', '### Error querying database.  Cause: com.mysql.jdbc.exceptions.jdbc4.MySQLSyntaxErrorException: Unknown column \'LoginIP\' in \'field list\'\r\n### The error may exist in file [D:\\beifen\\IdeaProjects\\ssmJava\\target\\myMaven\\WEB-INF\\classes\\mapper\\mysql\\UserMapper.xml]\r\n### The error may involve defaultParameterMap\r\n### The error occurred while setting parameters\r\n### SQL: select                   Id, LoginName, Password, IsLockout, LastLoginTime, PsdWrongTime, LockTime, ProtectEMail,         protectMTel, CreateTime, LoginIP               from users         where LoginName=? and Password=?\r\n### Cause: com.mysql.jdbc.exceptions.jdbc4.MySQLSyntaxErrorException: Unknown column \'LoginIP\' in \'field list\'\n; bad SQL grammar []; nested exception is com.mysql.jdbc.exceptions.jdbc4.MySQLSyntaxErrorException: Unknown column \'LoginIP\' in \'field list\''),
	(2622, 'root', 'role', 'selectUserByNameAndPassWord', '?????????????????????????', '["admin","422bc3bac0158dbf98d8a4a4023edd50"]', '2018-07-04', '70ms', 'no', '### Error querying database.  Cause: com.mysql.jdbc.exceptions.jdbc4.MySQLSyntaxErrorException: Unknown column \'LoginIP\' in \'field list\'\r\n### The error may exist in file [D:\\beifen\\IdeaProjects\\ssmJava\\target\\myMaven\\WEB-INF\\classes\\mapper\\mysql\\UserMapper.xml]\r\n### The error may involve defaultParameterMap\r\n### The error occurred while setting parameters\r\n### SQL: select                   Id, LoginName, Password, IsLockout, LastLoginTime, PsdWrongTime, LockTime, ProtectEMail,         protectMTel, CreateTime, LoginIP               from users         where LoginName=? and Password=?\r\n### Cause: com.mysql.jdbc.exceptions.jdbc4.MySQLSyntaxErrorException: Unknown column \'LoginIP\' in \'field list\'\n; bad SQL grammar []; nested exception is com.mysql.jdbc.exceptions.jdbc4.MySQLSyntaxErrorException: Unknown column \'LoginIP\' in \'field list\''),
	(2623, 'root', 'role', 'selectUserByNameAndPassWord', '?????????????????????????', '["ls","15312aaf8fe0af1e961af38cb9b8e4a2"]', '2018-07-04', '98ms', 'no', '### Error querying database.  Cause: com.mysql.jdbc.exceptions.jdbc4.MySQLSyntaxErrorException: Unknown column \'LoginIP\' in \'field list\'\r\n### The error may exist in file [D:\\beifen\\IdeaProjects\\ssmJava\\target\\myMaven\\WEB-INF\\classes\\mapper\\mysql\\UserMapper.xml]\r\n### The error may involve defaultParameterMap\r\n### The error occurred while setting parameters\r\n### SQL: select                   Id, LoginName, Password, IsLockout, LastLoginTime, PsdWrongTime, LockTime, ProtectEMail,         protectMTel, CreateTime, LoginIP               from users         where LoginName=? and Password=?\r\n### Cause: com.mysql.jdbc.exceptions.jdbc4.MySQLSyntaxErrorException: Unknown column \'LoginIP\' in \'field list\'\n; bad SQL grammar []; nested exception is com.mysql.jdbc.exceptions.jdbc4.MySQLSyntaxErrorException: Unknown column \'LoginIP\' in \'field list\''),
	(2624, 'root', 'role', 'selectUserByNameAndPassWord', '?????????????????????????', '["sun","a48cf68cf4dd449512415a86731f6e3f"]', '2018-07-04', '336ms', 'no', '### Error querying database.  Cause: com.mysql.jdbc.exceptions.jdbc4.MySQLSyntaxErrorException: Unknown column \'LoginIP\' in \'field list\'\r\n### The error may exist in file [D:\\beifen\\IdeaProjects\\ssmJava\\target\\myMaven\\WEB-INF\\classes\\mapper\\mysql\\UserMapper.xml]\r\n### The error may involve defaultParameterMap\r\n### The error occurred while setting parameters\r\n### SQL: select                   Id, LoginName, Password, IsLockout, LastLoginTime, PsdWrongTime, LockTime, ProtectEMail,         protectMTel, CreateTime, LoginIP               from users         where LoginName=? and Password=?\r\n### Cause: com.mysql.jdbc.exceptions.jdbc4.MySQLSyntaxErrorException: Unknown column \'LoginIP\' in \'field list\'\n; bad SQL grammar []; nested exception is com.mysql.jdbc.exceptions.jdbc4.MySQLSyntaxErrorException: Unknown column \'LoginIP\' in \'field list\''),
	(2625, 'root', 'role', 'selectUserByNameAndPassWord', '?????????????????????????', '["sun","774636e01ff9125c14096bea8d08e2dd"]', '2018-07-04', '98ms', 'no', '### Error querying database.  Cause: com.mysql.jdbc.exceptions.jdbc4.MySQLSyntaxErrorException: Unknown column \'LoginIP\' in \'field list\'\r\n### The error may exist in file [D:\\beifen\\IdeaProjects\\ssmJava\\target\\myMaven\\WEB-INF\\classes\\mapper\\mysql\\UserMapper.xml]\r\n### The error may involve defaultParameterMap\r\n### The error occurred while setting parameters\r\n### SQL: select                   Id, LoginName, Password, IsLockout, LastLoginTime, PsdWrongTime, LockTime, ProtectEMail,         protectMTel, CreateTime, LoginIP               from users         where LoginName=? and Password=?\r\n### Cause: com.mysql.jdbc.exceptions.jdbc4.MySQLSyntaxErrorException: Unknown column \'LoginIP\' in \'field list\'\n; bad SQL grammar []; nested exception is com.mysql.jdbc.exceptions.jdbc4.MySQLSyntaxErrorException: Unknown column \'LoginIP\' in \'field list\''),
	(2626, 'root', 'role', 'selectUserByNameAndPassWord', '?????????????????????????', '["sun","774636e01ff9125c14096bea8d08e2dd"]', '2018-07-12', '499ms', 'no', '### Error querying database.  Cause: com.mysql.jdbc.exceptions.jdbc4.MySQLSyntaxErrorException: Unknown column \'LoginIP\' in \'field list\'\r\n### The error may exist in file [C:\\Users\\10767\\IdeaProjects\\ssmJava\\target\\myMaven\\WEB-INF\\classes\\mapper\\mysql\\UserMapper.xml]\r\n### The error may involve defaultParameterMap\r\n### The error occurred while setting parameters\r\n### SQL: select                   Id, LoginName, Password, IsLockout, LastLoginTime, PsdWrongTime, LockTime, ProtectEMail,         protectMTel, CreateTime, LoginIP               from users         where LoginName=? and Password=?\r\n### Cause: com.mysql.jdbc.exceptions.jdbc4.MySQLSyntaxErrorException: Unknown column \'LoginIP\' in \'field list\'\n; bad SQL grammar []; nested exception is com.mysql.jdbc.exceptions.jdbc4.MySQLSyntaxErrorException: Unknown column \'LoginIP\' in \'field list\''),
	(2627, 'root', 'role', 'selectUserByNameAndPassWord', '?????????????????????????', '["huamg","34a9153b1058ae4f6514a0fdeecd8f89"]', '2018-07-12', '841ms', 'no', '### Error querying database.  Cause: com.mysql.jdbc.exceptions.jdbc4.MySQLSyntaxErrorException: Unknown column \'LoginIP\' in \'field list\'\r\n### The error may exist in file [C:\\Users\\10767\\IdeaProjects\\ssmJava\\target\\myMaven\\WEB-INF\\classes\\mapper\\mysql\\UserMapper.xml]\r\n### The error may involve defaultParameterMap\r\n### The error occurred while setting parameters\r\n### SQL: select                   Id, LoginName, Password, IsLockout, LastLoginTime, PsdWrongTime, LockTime, ProtectEMail,         protectMTel, CreateTime, LoginIP               from users         where LoginName=? and Password=?\r\n### Cause: com.mysql.jdbc.exceptions.jdbc4.MySQLSyntaxErrorException: Unknown column \'LoginIP\' in \'field list\'\n; bad SQL grammar []; nested exception is com.mysql.jdbc.exceptions.jdbc4.MySQLSyntaxErrorException: Unknown column \'LoginIP\' in \'field list\''),
	(2628, 'root', 'role', 'selectUserByNameAndPassWord', '?????????????????????????', '["huang","34a9153b1058ae4f6514a0fdeecd8f89"]', '2018-07-12', '101ms', 'no', '### Error querying database.  Cause: com.mysql.jdbc.exceptions.jdbc4.MySQLSyntaxErrorException: Unknown column \'LoginIP\' in \'field list\'\r\n### The error may exist in file [C:\\Users\\10767\\IdeaProjects\\ssmJava\\target\\myMaven\\WEB-INF\\classes\\mapper\\mysql\\UserMapper.xml]\r\n### The error may involve defaultParameterMap\r\n### The error occurred while setting parameters\r\n### SQL: select                   Id, LoginName, Password, IsLockout, LastLoginTime, PsdWrongTime, LockTime, ProtectEMail,         protectMTel, CreateTime, LoginIP               from users         where LoginName=? and Password=?\r\n### Cause: com.mysql.jdbc.exceptions.jdbc4.MySQLSyntaxErrorException: Unknown column \'LoginIP\' in \'field list\'\n; bad SQL grammar []; nested exception is com.mysql.jdbc.exceptions.jdbc4.MySQLSyntaxErrorException: Unknown column \'LoginIP\' in \'field list\''),
	(2629, 'root', 'role', 'selectUserByNameAndPassWord', '?????????????????????????', '["huang","34a9153b1058ae4f6514a0fdeecd8f89"]', '2018-07-12', '557ms', 'no', '### Error querying database.  Cause: com.mysql.jdbc.exceptions.jdbc4.MySQLSyntaxErrorException: Unknown column \'LoginIP\' in \'field list\'\r\n### The error may exist in file [C:\\Users\\10767\\IdeaProjects\\ssmJava\\target\\myMaven\\WEB-INF\\classes\\mapper\\mysql\\UserMapper.xml]\r\n### The error may involve defaultParameterMap\r\n### The error occurred while setting parameters\r\n### SQL: select                   Id, LoginName, Password, IsLockout, LastLoginTime, PsdWrongTime, LockTime, ProtectEMail,         protectMTel, CreateTime, LoginIP               from users         where LoginName=? and Password=?\r\n### Cause: com.mysql.jdbc.exceptions.jdbc4.MySQLSyntaxErrorException: Unknown column \'LoginIP\' in \'field list\'\n; bad SQL grammar []; nested exception is com.mysql.jdbc.exceptions.jdbc4.MySQLSyntaxErrorException: Unknown column \'LoginIP\' in \'field list\''),
	(2630, 'root', 'role', 'selectUserByNameAndPassWord', '?????????????????????????', '["huang","34a9153b1058ae4f6514a0fdeecd8f89"]', '2018-07-12', '90ms', 'no', '### Error querying database.  Cause: com.mysql.jdbc.exceptions.jdbc4.MySQLSyntaxErrorException: Unknown column \'LoginIP\' in \'field list\'\r\n### The error may exist in file [C:\\Users\\10767\\IdeaProjects\\ssmJava\\target\\myMaven\\WEB-INF\\classes\\mapper\\mysql\\UserMapper.xml]\r\n### The error may involve defaultParameterMap\r\n### The error occurred while setting parameters\r\n### SQL: select                   Id, LoginName, Password, IsLockout, LastLoginTime, PsdWrongTime, LockTime, ProtectEMail,         protectMTel, CreateTime, LoginIP               from users         where LoginName=? and Password=?\r\n### Cause: com.mysql.jdbc.exceptions.jdbc4.MySQLSyntaxErrorException: Unknown column \'LoginIP\' in \'field list\'\n; bad SQL grammar []; nested exception is com.mysql.jdbc.exceptions.jdbc4.MySQLSyntaxErrorException: Unknown column \'LoginIP\' in \'field list\''),
	(2631, 'root', 'role', 'selectUserByNameAndPassWord', '?????????????????????????', '["huang","34a9153b1058ae4f6514a0fdeecd8f89"]', '2018-07-12', '183ms', 'no', '### Error querying database.  Cause: com.mysql.jdbc.exceptions.jdbc4.MySQLSyntaxErrorException: Unknown column \'LoginIP\' in \'field list\'\r\n### The error may exist in file [C:\\Users\\10767\\IdeaProjects\\ssmJava\\target\\myMaven\\WEB-INF\\classes\\mapper\\mysql\\UserMapper.xml]\r\n### The error may involve defaultParameterMap\r\n### The error occurred while setting parameters\r\n### SQL: select                   Id, LoginName, Password, IsLockout, LastLoginTime, PsdWrongTime, LockTime, ProtectEMail,         protectMTel, CreateTime, LoginIP               from users         where LoginName=? and Password=?\r\n### Cause: com.mysql.jdbc.exceptions.jdbc4.MySQLSyntaxErrorException: Unknown column \'LoginIP\' in \'field list\'\n; bad SQL grammar []; nested exception is com.mysql.jdbc.exceptions.jdbc4.MySQLSyntaxErrorException: Unknown column \'LoginIP\' in \'field list\''),
	(2632, 'root', 'role', 'selectUserByNameAndPassWord', '?????????????????????????', '["huang","34a9153b1058ae4f6514a0fdeecd8f89"]', '2018-07-12', '97ms', 'no', '### Error querying database.  Cause: com.mysql.jdbc.exceptions.jdbc4.MySQLSyntaxErrorException: Unknown column \'LoginIP\' in \'field list\'\r\n### The error may exist in file [C:\\Users\\10767\\IdeaProjects\\ssmJava\\target\\myMaven\\WEB-INF\\classes\\mapper\\mysql\\UserMapper.xml]\r\n### The error may involve defaultParameterMap\r\n### The error occurred while setting parameters\r\n### SQL: select                   Id, LoginName, Password, IsLockout, LastLoginTime, PsdWrongTime, LockTime, ProtectEMail,         protectMTel, CreateTime, LoginIP               from users         where LoginName=? and Password=?\r\n### Cause: com.mysql.jdbc.exceptions.jdbc4.MySQLSyntaxErrorException: Unknown column \'LoginIP\' in \'field list\'\n; bad SQL grammar []; nested exception is com.mysql.jdbc.exceptions.jdbc4.MySQLSyntaxErrorException: Unknown column \'LoginIP\' in \'field list\''),
	(2633, 'root', 'role', 'selectUserByNameAndPassWord', '?????????????????????????', '["huang","34a9153b1058ae4f6514a0fdeecd8f89"]', '2018-07-12', '265ms', 'ok', NULL),
	(2634, 'root', 'role', 'selectUserByNameAndPassWord', '?????????????????????????', '["huang","34a9153b1058ae4f6514a0fdeecd8f89"]', '2018-07-12', '10ms', 'ok', NULL),
	(2635, 'root', 'role', 'selectUserByNameAndPassWord', '?????????????????????????', '["huang","34a9153b1058ae4f6514a0fdeecd8f89"]', '2018-07-12', '272ms', 'ok', NULL),
	(2636, 'root', 'role', 'selectRoleIdByUserId', '????id???????????????id', '[29]', '2018-07-12', '22ms', 'ok', NULL),
	(2637, 'root', 'role', 'selectRoleByUserId', '????id??????', '[29]', '2018-07-12', '23ms', 'ok', NULL),
	(2638, 'root', 'role', 'selectModuleIdByRolesId', '?????id????????????id', '[29]', '2018-07-12', '29ms', 'ok', NULL),
	(2639, 'root', 'role', 'selectPermissionByUserId', '????id????????', '[29]', '2018-07-12', '15ms', 'ok', NULL),
	(2640, 'root', 'role', 'selectUserByNameAndPassWord', '?????????????????????????', '["huang","34a9153b1058ae4f6514a0fdeecd8f89"]', '2018-07-12', '7ms', 'ok', NULL),
	(2641, 'root', 'role', 'selectRoleIdByUserId', '????id???????????????id', '[29]', '2018-07-12', '2ms', 'ok', NULL),
	(2642, 'root', 'role', 'selectRoleByUserId', '????id??????', '[29]', '2018-07-12', '2ms', 'ok', NULL),
	(2643, 'root', 'role', 'selectModuleIdByRolesId', '?????id????????????id', '[29]', '2018-07-12', '4ms', 'ok', NULL),
	(2644, 'root', 'role', 'selectPermissionByUserId', '????id????????', '[29]', '2018-07-12', '3ms', 'ok', NULL),
	(2645, 'root', 'role', 'selectModulesByModuleId', '????id??????', '[[]]', '2018-07-12', '451ms', 'no', '### Error querying database.  Cause: com.mysql.jdbc.exceptions.jdbc4.MySQLSyntaxErrorException: You have an error in your SQL syntax; check the manual that corresponds to your MySQL server version for the right syntax to use near \'order by Weight\' at line 3\r\n### The error may exist in file [C:\\Users\\10767\\IdeaProjects\\ssmJava\\target\\myMaven\\WEB-INF\\classes\\mapper\\mysql\\ModuleMapper.xml]\r\n### The error may involve com.ssm.dao.mysql.ModuleMapper.selectModulesByModuleId-Inline\r\n### The error occurred while setting parameters\r\n### SQL: select * from modules where Id in                   order by Weight\r\n### Cause: com.mysql.jdbc.exceptions.jdbc4.MySQLSyntaxErrorException: You have an error in your SQL syntax; check the manual that corresponds to your MySQL server version for the right syntax to use near \'order by Weight\' at line 3\n; bad SQL grammar []; nested exception is com.mysql.jdbc.exceptions.jdbc4.MySQLSyntaxErrorException: You have an error in your SQL syntax; check the manual that corresponds to your MySQL server version for the right syntax to use near \'order by Weight\' at line 3'),
	(2646, 'root', 'role', 'selectUserByNameAndPassWord', '?????????????????????????', '["huang","34a9153b1058ae4f6514a0fdeecd8f89"]', '2018-07-12', '3ms', 'ok', NULL),
	(2647, 'root', 'role', 'selectRoleIdByUserId', '????id???????????????id', '[29]', '2018-07-12', '9ms', 'ok', NULL),
	(2648, 'root', 'role', 'selectRoleByUserId', '????id??????', '[29]', '2018-07-12', '4ms', 'ok', NULL),
	(2649, 'root', 'role', 'selectModuleIdByRolesId', '?????id????????????id', '[29]', '2018-07-12', '2ms', 'ok', NULL),
	(2650, 'root', 'role', 'selectPermissionByUserId', '????id????????', '[29]', '2018-07-12', '7ms', 'ok', NULL),
	(2651, 'root', 'role', 'selectUserByNameAndPassWord', '?????????????????????????', '["huang","34a9153b1058ae4f6514a0fdeecd8f89"]', '2018-07-12', '6ms', 'ok', NULL),
	(2652, 'root', 'role', 'selectRoleIdByUserId', '????id???????????????id', '[29]', '2018-07-12', '1ms', 'ok', NULL),
	(2653, 'root', 'role', 'selectRoleByUserId', '????id??????', '[29]', '2018-07-12', '2ms', 'ok', NULL),
	(2654, 'root', 'role', 'selectModuleIdByRolesId', '?????id????????????id', '[29]', '2018-07-12', '3ms', 'ok', NULL),
	(2655, 'root', 'role', 'selectPermissionByUserId', '????id????????', '[29]', '2018-07-12', '2ms', 'ok', NULL),
	(2656, 'root', 'role', 'selectUserByNameAndPassWord', '?????????????????????????', '["huang","34a9153b1058ae4f6514a0fdeecd8f89"]', '2018-07-12', '3ms', 'ok', NULL),
	(2657, 'root', 'role', 'selectRoleIdByUserId', '????id???????????????id', '[29]', '2018-07-12', '2ms', 'ok', NULL),
	(2658, 'root', 'role', 'selectRoleByUserId', '????id??????', '[29]', '2018-07-12', '2ms', 'ok', NULL),
	(2659, 'root', 'role', 'selectModuleIdByRolesId', '?????id????????????id', '[29]', '2018-07-12', '2ms', 'ok', NULL),
	(2660, 'root', 'role', 'selectPermissionByUserId', '????id????????', '[29]', '2018-07-12', '3ms', 'ok', NULL),
	(2661, 'root', 'role', 'selectUserByNameAndPassWord', '?????????????????????????', '["huang","34a9153b1058ae4f6514a0fdeecd8f89"]', '2018-07-12', '5ms', 'ok', NULL),
	(2662, 'root', 'role', 'selectRoleIdByUserId', '????id???????????????id', '[29]', '2018-07-12', '2ms', 'ok', NULL),
	(2663, 'root', 'role', 'selectRoleByUserId', '????id??????', '[29]', '2018-07-12', '2ms', 'ok', NULL),
	(2664, 'root', 'role', 'selectModuleIdByRolesId', '?????id????????????id', '[29]', '2018-07-12', '2ms', 'ok', NULL),
	(2665, 'root', 'role', 'selectPermissionByUserId', '????id????????', '[29]', '2018-07-12', '2ms', 'ok', NULL),
	(2666, 'root', 'role', 'selectUserByNameAndPassWord', '?????????????????????????', '["huang","34a9153b1058ae4f6514a0fdeecd8f89"]', '2018-07-12', '11ms', 'ok', NULL),
	(2667, 'root', 'role', 'selectRoleIdByUserId', '????id???????????????id', '[29]', '2018-07-12', '2ms', 'ok', NULL),
	(2668, 'root', 'role', 'selectRoleByUserId', '????id??????', '[29]', '2018-07-12', '1ms', 'ok', NULL),
	(2669, 'root', 'role', 'selectModuleIdByRolesId', '?????id????????????id', '[29]', '2018-07-12', '2ms', 'ok', NULL),
	(2670, 'root', 'role', 'selectPermissionByUserId', '????id????????', '[29]', '2018-07-12', '3ms', 'ok', NULL),
	(2671, 'root', 'role', 'selectUserByNameAndPassWord', '?????????????????????????', '["huang","34a9153b1058ae4f6514a0fdeecd8f89"]', '2018-07-12', '3ms', 'ok', NULL),
	(2672, 'root', 'role', 'selectRoleIdByUserId', '????id???????????????id', '[29]', '2018-07-12', '3ms', 'ok', NULL),
	(2673, 'root', 'role', 'selectRoleByUserId', '????id??????', '[29]', '2018-07-12', '2ms', 'ok', NULL),
	(2674, 'root', 'role', 'selectModuleIdByRolesId', '?????id????????????id', '[29]', '2018-07-12', '1ms', 'ok', NULL),
	(2675, 'root', 'role', 'selectPermissionByUserId', '????id????????', '[29]', '2018-07-12', '2ms', 'ok', NULL),
	(2676, 'root', 'role', 'selectModulesByModuleId', '????id??????', '[[]]', '2018-07-12', '108ms', 'no', '### Error querying database.  Cause: com.mysql.jdbc.exceptions.jdbc4.MySQLSyntaxErrorException: You have an error in your SQL syntax; check the manual that corresponds to your MySQL server version for the right syntax to use near \'order by Weight\' at line 3\r\n### The error may exist in file [C:\\Users\\10767\\IdeaProjects\\ssmJava\\target\\myMaven\\WEB-INF\\classes\\mapper\\mysql\\ModuleMapper.xml]\r\n### The error may involve com.ssm.dao.mysql.ModuleMapper.selectModulesByModuleId-Inline\r\n### The error occurred while setting parameters\r\n### SQL: select * from modules where Id in                   order by Weight\r\n### Cause: com.mysql.jdbc.exceptions.jdbc4.MySQLSyntaxErrorException: You have an error in your SQL syntax; check the manual that corresponds to your MySQL server version for the right syntax to use near \'order by Weight\' at line 3\n; bad SQL grammar []; nested exception is com.mysql.jdbc.exceptions.jdbc4.MySQLSyntaxErrorException: You have an error in your SQL syntax; check the manual that corresponds to your MySQL server version for the right syntax to use near \'order by Weight\' at line 3'),
	(2677, 'root', 'role', 'selectUserByNameAndPassWord', '?????????????????????????', '["huang","34a9153b1058ae4f6514a0fdeecd8f89"]', '2018-07-12', '7ms', 'ok', NULL),
	(2678, 'root', 'role', 'selectRoleIdByUserId', '????id???????????????id', '[29]', '2018-07-12', '1ms', 'ok', NULL),
	(2679, 'root', 'role', 'selectRoleByUserId', '????id??????', '[29]', '2018-07-12', '1ms', 'ok', NULL),
	(2680, 'root', 'role', 'selectModuleIdByRolesId', '?????id????????????id', '[29]', '2018-07-12', '2ms', 'ok', NULL),
	(2681, 'root', 'role', 'selectPermissionByUserId', '????id????????', '[29]', '2018-07-12', '2ms', 'ok', NULL),
	(2682, 'root', 'role', 'selectModulesByModuleId', '????id??????', '[[]]', '2018-07-12', '71ms', 'no', '### Error querying database.  Cause: com.mysql.jdbc.exceptions.jdbc4.MySQLSyntaxErrorException: You have an error in your SQL syntax; check the manual that corresponds to your MySQL server version for the right syntax to use near \'order by Weight\' at line 3\r\n### The error may exist in file [C:\\Users\\10767\\IdeaProjects\\ssmJava\\target\\myMaven\\WEB-INF\\classes\\mapper\\mysql\\ModuleMapper.xml]\r\n### The error may involve com.ssm.dao.mysql.ModuleMapper.selectModulesByModuleId-Inline\r\n### The error occurred while setting parameters\r\n### SQL: select * from modules where Id in                   order by Weight\r\n### Cause: com.mysql.jdbc.exceptions.jdbc4.MySQLSyntaxErrorException: You have an error in your SQL syntax; check the manual that corresponds to your MySQL server version for the right syntax to use near \'order by Weight\' at line 3\n; bad SQL grammar []; nested exception is com.mysql.jdbc.exceptions.jdbc4.MySQLSyntaxErrorException: You have an error in your SQL syntax; check the manual that corresponds to your MySQL server version for the right syntax to use near \'order by Weight\' at line 3'),
	(2683, 'root', 'role', 'selectModulesByModuleId', '????id??????', '[[]]', '2018-07-12', '143ms', 'no', '### Error querying database.  Cause: com.mysql.jdbc.exceptions.jdbc4.MySQLSyntaxErrorException: You have an error in your SQL syntax; check the manual that corresponds to your MySQL server version for the right syntax to use near \'order by Weight\' at line 3\r\n### The error may exist in file [C:\\Users\\10767\\IdeaProjects\\ssmJava\\target\\myMaven\\WEB-INF\\classes\\mapper\\mysql\\ModuleMapper.xml]\r\n### The error may involve com.ssm.dao.mysql.ModuleMapper.selectModulesByModuleId-Inline\r\n### The error occurred while setting parameters\r\n### SQL: select * from modules where Id in                   order by Weight\r\n### Cause: com.mysql.jdbc.exceptions.jdbc4.MySQLSyntaxErrorException: You have an error in your SQL syntax; check the manual that corresponds to your MySQL server version for the right syntax to use near \'order by Weight\' at line 3\n; bad SQL grammar []; nested exception is com.mysql.jdbc.exceptions.jdbc4.MySQLSyntaxErrorException: You have an error in your SQL syntax; check the manual that corresponds to your MySQL server version for the right syntax to use near \'order by Weight\' at line 3'),
	(2684, 'root', 'role', 'selectUserByNameAndPassWord', '?????????????????????????', '["huang","34a9153b1058ae4f6514a0fdeecd8f89"]', '2018-07-12', '4ms', 'ok', NULL),
	(2685, 'root', 'role', 'selectRoleIdByUserId', '????id???????????????id', '[29]', '2018-07-12', '2ms', 'ok', NULL),
	(2686, 'root', 'role', 'selectRoleByUserId', '????id??????', '[29]', '2018-07-12', '4ms', 'ok', NULL),
	(2687, 'root', 'role', 'selectModuleIdByRolesId', '?????id????????????id', '[29]', '2018-07-12', '4ms', 'ok', NULL),
	(2688, 'root', 'role', 'selectPermissionByUserId', '????id????????', '[29]', '2018-07-12', '2ms', 'ok', NULL),
	(2689, 'root', 'role', 'selectModulesByModuleId', '????id??????', '[[190,188,187,189,216,215,217]]', '2018-07-12', '34ms', 'ok', NULL),
	(2690, 'root', 'role', 'selectAllModules', '??????', '[]', '2018-07-12', '211ms', 'ok', NULL),
	(2691, 'root', 'role', 'selectAll', '?????????', '[1,10]', '2018-07-12', '10ms', 'ok', NULL),
	(2692, 'root', 'role', 'selectUserByNameOrLock', '??????', '[null,null]', '2018-07-12', '33ms', 'ok', NULL),
	(2693, 'root', 'role', 'selectUserByNameOrLock', '??????', '[null,null]', '2018-07-12', '13ms', 'ok', NULL),
	(2694, 'root', 'role', 'selectModulesByModuleId', '????id??????', '[[190,188,187,189,216,215,217]]', '2018-07-12', '308ms', 'ok', NULL),
	(2695, 'root', 'role', 'selectModulesByModuleId', '????id??????', '[[]]', '2018-07-12', '348ms', 'no', '### Error querying database.  Cause: com.mysql.jdbc.exceptions.jdbc4.MySQLSyntaxErrorException: You have an error in your SQL syntax; check the manual that corresponds to your MySQL server version for the right syntax to use near \'order by Weight\' at line 3\r\n### The error may exist in file [D:\\Program Files (x86)\\apache-tomcat-8.5.31\\webapps\\ROOT\\WEB-INF\\classes\\mapper\\mysql\\ModuleMapper.xml]\r\n### The error may involve com.ssm.dao.mysql.ModuleMapper.selectModulesByModuleId-Inline\r\n### The error occurred while setting parameters\r\n### SQL: select * from modules where Id in                   order by Weight\r\n### Cause: com.mysql.jdbc.exceptions.jdbc4.MySQLSyntaxErrorException: You have an error in your SQL syntax; check the manual that corresponds to your MySQL server version for the right syntax to use near \'order by Weight\' at line 3\n; bad SQL grammar []; nested exception is com.mysql.jdbc.exceptions.jdbc4.MySQLSyntaxErrorException: You have an error in your SQL syntax; check the manual that corresponds to your MySQL server version for the right syntax to use near \'order by Weight\' at line 3'),
	(2696, 'root', 'role', 'selectUserByNameAndPassWord', '?????????????????????????', '["huang","34a9153b1058ae4f6514a0fdeecd8f89"]', '2018-07-12', '19ms', 'ok', NULL),
	(2697, 'root', 'role', 'selectRoleIdByUserId', '????id???????????????id', '[29]', '2018-07-12', '15ms', 'ok', NULL),
	(2698, 'root', 'role', 'selectRoleByUserId', '????id??????', '[29]', '2018-07-12', '5ms', 'ok', NULL),
	(2699, 'root', 'role', 'selectModuleIdByRolesId', '?????id????????????id', '[29]', '2018-07-12', '4ms', 'ok', NULL),
	(2700, 'root', 'role', 'selectPermissionByUserId', '????id????????', '[29]', '2018-07-12', '10ms', 'ok', NULL),
	(2701, 'root', 'role', 'selectModulesByModuleId', '????id??????', '[[190,188,187,189,216,215,217]]', '2018-07-12', '12ms', 'ok', NULL),
	(2702, 'root', 'role', 'selectAllModules', '??????', '[]', '2018-07-12', '56ms', 'ok', NULL),
	(2703, 'root', 'role', 'selectAll', '?????????', '[1,10]', '2018-07-12', '8ms', 'ok', NULL),
	(2704, 'root', 'role', 'selectUserByNameOrLock', '??????', '[null,null]', '2018-07-12', '13ms', 'ok', NULL);
/*!40000 ALTER TABLE `systemlogmessage` ENABLE KEYS */;


-- 导出  表 ssmtest.userchecks 结构
CREATE TABLE IF NOT EXISTS `userchecks` (
  `Id` int(11) NOT NULL AUTO_INCREMENT COMMENT '签到Id',
  `UserId` varchar(100) DEFAULT NULL COMMENT '用户Id',
  `UserName` varchar(50) DEFAULT NULL COMMENT '用户名称',
  `CheckInTime` timestamp NULL DEFAULT CURRENT_TIMESTAMP COMMENT '签到时间',
  `CheckState` varchar(50) DEFAULT NULL COMMENT '签到状态',
  `IsCancel` varchar(50) DEFAULT '否' COMMENT '是否取消签到',
  `CheckOutTime` timestamp NULL DEFAULT NULL COMMENT '取消签到时间',
  PRIMARY KEY (`Id`)
) ENGINE=InnoDB DEFAULT CHARSET=utf8;

-- 正在导出表  ssmtest.userchecks 的数据：~0 rows (大约)
/*!40000 ALTER TABLE `userchecks` DISABLE KEYS */;
/*!40000 ALTER TABLE `userchecks` ENABLE KEYS */;


-- 导出  表 ssmtest.userroles 结构
CREATE TABLE IF NOT EXISTS `userroles` (
  `Id` int(11) NOT NULL AUTO_INCREMENT,
  `UserId` int(11) NOT NULL,
  `RoleId` int(11) NOT NULL,
  PRIMARY KEY (`Id`),
  KEY `FK_UserRoles_Roles_RoleId` (`RoleId`),
  KEY `FK_UserRoles_Users_UserId` (`UserId`),
  CONSTRAINT `FK_UserRoles_Roles_RoleId` FOREIGN KEY (`RoleId`) REFERENCES `roles` (`Id`),
  CONSTRAINT `FK_UserRoles_Users_UserId` FOREIGN KEY (`UserId`) REFERENCES `users` (`Id`)
) ENGINE=InnoDB AUTO_INCREMENT=36 DEFAULT CHARSET=utf8;

-- 正在导出表  ssmtest.userroles 的数据：~16 rows (大约)
/*!40000 ALTER TABLE `userroles` DISABLE KEYS */;
REPLACE INTO `userroles` (`Id`, `UserId`, `RoleId`) VALUES
	(7, 13, 17),
	(21, 19, 9),
	(22, 8, 26),
	(23, 8, 2),
	(24, 8, 3),
	(25, 8, 5),
	(26, 8, 4),
	(27, 8, 4),
	(28, 8, 4),
	(29, 8, 3),
	(30, 26, 17),
	(31, 19, 17),
	(32, 27, 17),
	(33, 13, 17),
	(34, 17, 17),
	(35, 29, 17);
/*!40000 ALTER TABLE `userroles` ENABLE KEYS */;


-- 导出  表 ssmtest.users 结构
CREATE TABLE IF NOT EXISTS `users` (
  `Id` int(11) NOT NULL AUTO_INCREMENT COMMENT '编号',
  `LoginName` varchar(50) NOT NULL COMMENT '登录名',
  `Password` varchar(50) NOT NULL COMMENT '密码',
  `IsLockout` char(2) DEFAULT '否' COMMENT '是否锁定',
  `LastLoginTime` timestamp NULL DEFAULT NULL COMMENT '最后一次登录时间',
  `PsdWrongTime` int(11) DEFAULT '0' COMMENT '密码错误次数',
  `LockTime` timestamp NULL DEFAULT NULL COMMENT '被锁定时间',
  `ProtectEMail` varchar(200) DEFAULT NULL COMMENT '密保邮箱',
  `protectMTel` varchar(11) DEFAULT NULL COMMENT '密保手机号',
  `CreateTime` timestamp NULL DEFAULT CURRENT_TIMESTAMP COMMENT '账户创立时间',
  `LoginIP` varchar(50) DEFAULT NULL COMMENT '上次登陆IP',
  PRIMARY KEY (`Id`),
  UNIQUE KEY `IndexUnique_LoginName` (`LoginName`)
) ENGINE=InnoDB AUTO_INCREMENT=30 DEFAULT CHARSET=utf8;

-- 正在导出表  ssmtest.users 的数据：~16 rows (大约)
/*!40000 ALTER TABLE `users` DISABLE KEYS */;
REPLACE INTO `users` (`Id`, `LoginName`, `Password`, `IsLockout`, `LastLoginTime`, `PsdWrongTime`, `LockTime`, `ProtectEMail`, `protectMTel`, `CreateTime`, `LoginIP`) VALUES
	(7, '咨询师1', 'ysd123', '是', '2017-05-05 08:53:43', 0, NULL, 'zxs001@163.com', '15511111111', '2017-03-17 17:14:40', '127.1.25.99'),
	(8, '冯建浩', 'ysd123', '是', NULL, 0, NULL, '603565@qq.com', '456789888', NULL, '127.1.25.99'),
	(9, '李欢欢', 'ysd123', '否', NULL, 1, NULL, '6666@qq.com', '110110110', NULL, '127.1.25.99'),
	(10, '褚庆瑞', 'ysd123', '是', NULL, 5, NULL, '12306@163.com', '131313', '2017-03-05 10:47:00', NULL),
	(13, 'ls', '774636e01ff9125c14096bea8d08e2dd', '否', '2018-06-05 14:36:17', 2, NULL, '111@153.com', 'root', '2018-06-05 14:36:38', '127.0.0.1'),
	(14, '111', 'ysd123', '是', NULL, 3, NULL, '1231@163.com', '131313', '2017-03-05 10:47:00', NULL),
	(16, 'aaa', 'ysd123', '否', NULL, 0, NULL, '123@163.com', '123456', '2018-06-06 09:06:32', '127.1.25.99'),
	(17, 'sun', '774636e01ff9125c14096bea8d08e2dd', '否', NULL, 5, NULL, '6035@qq.com', '112345888', '2018-06-07 15:42:39', '127.0.0.1'),
	(19, '李光', '520', '否', NULL, 0, NULL, '520@qq.com', '14568', '2018-06-07 16:43:47', '127.1.25.99'),
	(22, 'SAD', '1521321', '否', NULL, 0, NULL, '110@QQ.COM', '231321', '2018-06-07 19:40:11', '127.1.25.99'),
	(23, 'sadwqq', 'wewqe', '否', NULL, 0, NULL, '111111@163.com', '123456', '2018-06-07 20:00:30', '127.1.25.99'),
	(24, 'wqeq', 'eqwe', '否', NULL, 0, NULL, 'wqeqwe', 'eqweqweqwe', '2018-06-07 20:00:41', '127.1.25.99'),
	(26, 'amin', 'ysd123', '否', NULL, 1, NULL, '111111@163.com', '123456', '2018-06-08 09:50:59', '127.1.25.99'),
	(27, '孙', '774636e01ff9125c14096bea8d08e2dd', '否', NULL, 0, NULL, '123', '123', '2018-06-08 11:25:44', ''),
	(28, 'www', '774636e01ff9125c14096bea8d08e2dd', '否', NULL, 0, NULL, '110@qq.com', '15244586966', '2018-06-17 12:48:23', NULL),
	(29, 'huang', '34a9153b1058ae4f6514a0fdeecd8f89', '否', '2018-07-12 18:01:29', 5, NULL, 'zxs001@163.com', NULL, '2018-07-12 17:16:03', '127.0.0.1');
/*!40000 ALTER TABLE `users` ENABLE KEYS */;
/*!40101 SET SQL_MODE=IFNULL(@OLD_SQL_MODE, '') */;
/*!40014 SET FOREIGN_KEY_CHECKS=IF(@OLD_FOREIGN_KEY_CHECKS IS NULL, 1, @OLD_FOREIGN_KEY_CHECKS) */;
/*!40101 SET CHARACTER_SET_CLIENT=@OLD_CHARACTER_SET_CLIENT */;
